date,00:00,00:30,01:00,01:30,02:00,02:30,03:00,03:30,04:00,04:30,05:00,05:30,06:00,06:30,07:00,07:30,08:00,08:30,09:00,09:30,10:00,10:30,11:00,11:30,12:00,12:30,13:00,13:30,14:00,14:30,15:00,15:30,16:00,16:30,17:00,17:30,18:00,18:30,19:00,19:30,20:00,20:30,21:00,21:30,22:00,22:30,23:00,23:30
2021-01-01,0,0,0,0,0,0,0,0,0,0,0,0,0,0.7,3.5,7.5,12.5,17.2,21.4,23.6,25.2,26.9,29.4,31.2,33.1,33.9,32.8,32,31.2,30.5,30,28.5,26.9,24.9,22.4,18.3,13.4,10,6.2,3,1.5,0.5,0,0,0,0,0,0
2021-01-02,0,0,0,0,0,0,0,0,0,0,0,0,0,0.8,3.3,6.8,10.9,14,17.9,20.6,23.3,26.5,27.5,29.4,31.1,30.9,31,32.3,32.4,31.3,30.3,27.6,24.9,22.2,19.3,16.2,13.5,10.3,7.1,4,1.7,0.4,0.1,0,0,0,0,0
2021-01-03,0,0,0,0,0,0,0,0,0,0,0,0,0,0.7,3.6,7,11.2,14.3,16.8,19.6,22.1,25,28,30.9,32.8,33,34,34.8,35.4,36.1,34.8,31.7,28.2,25.7,22.3,19.2,15.6,11.5,7.2,3.9,1.7,0.5,0.1,0,0,0,0,0
2021-01-04,0,0,0,0,0,0,0,0,0,0,0,0,0,0.5,2.3,4.9,7.9,10.6,13.3,17.1,19.1,21,23,23.6,23.8,24.2,23.8,23.9,24.3,23.6,22,20.1,18.6,17,15.9,14.5,12.5,10.3,7.5,4,1.5,0.4,0,0,0,0,0,0
2021-01-05,0,0,0,0,0,0,0,0,0,0,0,0,0,0.9,4,8.7,13.2,17.3,20.7,23.7,26.2,28.3,29.2,30.1,30.5,30.9,30.2,29.6,29.1,28,26.9,25.3,23.4,20.8,18.4,16,13.1,10.8,7.8,4.6,1.8,0.4,0.1,0,0,0,0,0
2021-01-06,0,0,0,0,0,0,0,0,0,0,0,0,0,0.8,3.5,7.6,11.9,15.3,18.4,21.2,23.8,25.7,27,27.8,29.6,30.5,31.1,31,30.4,29.7,28.3,26.8,24.9,22.4,19.6,17,13.6,11,7.6,4.5,1.9,0.5,0.1,0,0,0,0,0
2021-01-07,0,0,0,0,0,0,0,0,0,0,0,0,0,0.6,3.2,7.1,11.3,15.5,18.6,21.6,24.8,27.4,29,30.4,31,31.3,31.6,31.4,31.1,31.2,30.8,29.6,27.6,24.8,22.2,19.4,17.1,13.2,9.4,5.4,2.2,0.5,0.1,0,0,0,0,0
2021-01-08,0,0,0,0,0,0,0,0,0,0,0,0,0,0.6,3.2,7.3,11.5,15.4,19,22.4,25.4,28.1,30.4,31.5,32.3,32.9,32.5,32.4,32.2,32.1,30.9,29.4,27.6,25.5,22.9,20.3,17.3,14,9.9,5.6,2.2,0.5,0.1,0,0,0,0,0
2021-01-09,0,0,0,0,0,0,0,0,0,0,0,0,0,0.7,3.9,9.1,14.3,18.6,22,25,27.8,30.8,33.1,35.3,35.7,36.1,35.7,35.5,34.9,34.8,33.4,31.8,30.3,27.8,24.7,20.3,16.3,12.7,9.3,5.3,2.1,0.5,0.1,0,0,0,0,0
2021-01-10,0,0,0,0,0,0,0,0,0,0,0,0,0,0.8,4.5,10.4,16.8,22.1,26.9,30.1,33.3,35.9,37.5,38.8,39.8,40,39.9,39.1,38.1,37.4,35.6,33.5,31.6,28.6,26,22.9,18.1,13.5,9.4,5.1,1.8,0.5,0.1,0,0,0,0,0
2021-01-11,0,0,0,0,0,0,0,0,0,0,0,0,0,0.6,3.5,8.3,13.8,18,22.2,25.4,27.5,29.4,30.7,30.5,31.1,31.6,31.2,30.6,29.2,27.8,26.7,25.8,23.5,20.3,17.5,14.6,11.7,8.1,5.4,2.8,1.2,0.4,0.1,0,0,0,0,0
2021-01-12,0,0,0,0,0,0,0,0,0,0,0,0,0,0.5,3.2,7.4,13,17.7,21.1,25.2,27.7,29.5,31.6,33,33.8,34.8,34.9,34.6,34.5,34.1,33.6,31.9,30,27.8,24.9,22,18.5,14.3,9.9,5.4,2.1,0.5,0.1,0,0,0,0,0
2021-01-13,0,0,0,0,0,0,0,0,0,0,0,0,0,0.5,3.4,8.7,15.1,20,23.8,26.7,28.8,30.7,30.9,31.1,31.2,30.4,30.7,31.6,32.4,31.4,28.9,26.5,24.9,22.9,19.1,15.8,13,9.7,6.6,3.4,1.3,0.5,0.1,0,0,0,0,0
2021-01-14,0,0,0,0,0,0,0,0,0,0,0,0,0,0.4,3.4,8.4,14.6,19.5,22.9,26.2,29.3,31.9,33.5,35,35.7,35.8,35.5,35,34.2,33.3,31.9,30.6,28.6,26.4,23.9,21,18,14.3,9.9,5.3,2,0.5,0.1,0,0,0,0,0
2021-01-15,0,0,0,0,0,0,0,0,0,0,0,0,0,0.4,3.2,8.6,14.4,18.9,22.7,25.3,27.2,29.2,30.7,32.3,33.6,34.2,34.7,34.3,34.1,32.8,31.3,30,28.7,26,23.6,21.3,18.1,14,9.4,5.1,2,0.5,0.1,0,0,0,0,0
2021-01-16,0,0,0,0,0,0,0,0,0,0,0,0,0,0.4,3.3,9.3,16.3,21.5,25.4,29.1,32,33.4,34.9,35.9,36.4,36.8,36.9,37.1,36.1,35.2,34.7,34,31.6,30.3,27.7,24.3,20.7,16.6,11.2,5.8,2.1,0.5,0.1,0,0,0,0,0
2021-01-17,0,0,0,0,0,0,0,0,0,0,0,0,0,0.4,3.2,8.4,15.2,21.8,25.5,28.6,32.2,35.1,36.7,39,40.3,40,40.2,40.1,40.2,39.3,38.3,37.2,35.7,33.2,30,26.5,21.7,16.8,11.6,6.2,2.3,0.5,0.1,0,0,0,0,0
2021-01-18,0,0,0,0,0,0,0,0,0,0,0,0,0,0.3,2.5,7,12.2,16.2,19.5,22.4,25.1,27.5,28.9,31,32.9,33.5,33.5,33,31.9,30.7,29,27.6,25.8,23.8,21.5,18.5,15.6,12.5,8.9,4.9,1.8,0.4,0.1,0,0,0,0,0
2021-01-19,0,0,0,0,0,0,0,0,0,0,0,0,0,0.2,2.4,6.9,11.5,15.5,19.6,22.5,25.4,28.2,30.8,33.9,35.7,36,35.6,36.1,36.3,35.7,34.6,33.2,30.5,28,25.2,22.8,19,15,10,5.3,1.9,0.5,0.1,0,0,0,0,0
2021-01-20,0,0,0,0,0,0,0,0,0,0,0,0,0,0.2,2.6,7.3,12.3,17.3,21.1,24.2,26.4,28.5,30.5,32.3,32.9,33.2,34,34,33.2,32.7,32.8,31.8,30,28.5,26.1,23.6,20,15.6,11,5.7,2.1,0.5,0.1,0,0,0,0,0
2021-01-21,0,0,0,0,0,0,0,0,0,0,0,0,0,0.2,2.4,7.7,14.3,19.5,23.8,27.1,30,32.4,33.6,34.9,35.6,35.9,35.9,36,35.2,33.9,32.7,31.1,29.6,27.6,25.7,22.7,19.2,14.3,9.7,5,1.8,0.4,0.1,0,0,0,0,0
2021-01-22,0,0,0,0,0,0,0,0,0,0,0,0,0,0.2,2.6,7.9,14.4,19.8,24.2,27.6,30.3,32.9,34.6,35.9,37.1,37.1,36.6,36,35.2,34.1,32.7,31.3,29.2,27.2,25,21.7,18.8,14.9,10.2,5.4,1.8,0.4,0,0,0,0,0,0
2021-01-23,0,0,0,0,0,0,0,0,0,0,0,0,0,0.2,2.6,8.1,14.3,19.2,23.9,27.6,30.3,32.7,34.7,36.1,37,37.4,37.5,37.7,37.2,36.3,34.7,32.7,31,29.4,25.4,21.8,18.3,13.9,9.3,4.7,1.6,0.3,0,0,0,0,0,0
2021-01-24,0,0,0,0,0,0,0,0,0,0,0,0,0,0.2,2.6,8.5,15,20.6,24.5,27.4,29.3,30.6,31.5,31.8,32.4,32.9,32.7,31.9,31.4,29.9,28.4,26.2,24.1,21.2,17.8,13.6,12.8,9.6,6,2.9,1,0.3,0,0,0,0,0,0
2021-01-25,0,0,0,0,0,0,0,0,0,0,0,0,0,0.1,1.8,5.8,11,14.6,17.8,19.9,22,24.3,24.9,25.2,25.8,25.1,24,23.1,23.1,22.7,21.7,20.9,19.9,18.2,16.1,14.3,11.8,9.2,5.2,2,0.6,0.3,0.1,0,0,0,0,0
2021-01-26,0,0,0,0,0,0,0,0,0,0,0,0,0,0.1,1.6,5.7,10.9,15.7,18.8,21.5,23.2,24.3,26.1,27.4,28.5,28.7,28.6,28.8,28.3,28.3,27,25.8,24.1,22.3,20,17.9,15.2,12.3,8.6,4.4,1.6,0.4,0,0,0,0,0,0
2021-01-27,0,0,0,0,0,0,0,0,0,0,0,0,0,0.1,1.7,6.2,11.5,16.1,19.3,21.7,24.6,26.7,28.3,29.8,30.8,31.6,31.8,32.4,32.5,32.1,30.7,29.6,28.2,26.2,23.3,20.2,15.7,12.1,7.6,3.6,1.2,0.3,0,0,0,0,0,0
2021-01-28,0,0,0,0,0,0,0,0,0,0,0,0,0,0.1,1.1,3.9,7.3,10.8,13.9,17.5,19.7,21.6,23.6,24.9,25.8,26.1,26.2,26.3,25.3,24.6,22.7,21.3,19.6,17.4,15.3,13.3,10.2,7.3,4.7,2.2,0.7,0.2,0,0,0,0,0,0
2021-01-29,0,0,0,0,0,0,0,0,0,0,0,0,0,0.1,0.9,3.2,6.4,9.4,11.7,13.7,15.5,17.9,20,21.4,21.6,22.3,23.1,23.9,25,25.4,24.4,24,21.7,19.6,18.2,15.6,13.4,10.1,7,3.5,1.2,0.3,0,0,0,0,0,0
2021-01-30,0,0,0,0,0,0,0,0,0,0,0,0,0,0,1.2,5.3,10.9,15.1,18.3,20.7,23.7,25.9,27.4,29.3,31.1,32.7,34.2,35.2,36.3,36.1,35.1,34.2,32.5,30.3,27,23.8,20,16,10.2,4.9,1.6,0.3,0,0,0,0,0,0
2021-01-31,0,0,0,0,0,0,0,0,0,0,0,0,0,0.1,1.6,6.7,12.7,18.2,22.9,25.6,28.5,30.2,31.7,33.1,34.7,35.2,35.8,36.6,37.1,36.4,35.6,34,31.7,29.6,27.3,24.5,19.8,14.8,9.3,4.2,1.4,0.3,0,0,0,0,0,0
2021-02-01,0,0,0,0,0,0,0,0,0,0,0,0,0,0.1,1.3,4.8,9.5,13.4,16.9,19.1,21.2,23.4,24.8,26.6,28.4,29.5,30.2,30.8,29.8,28.5,27.7,26.6,25.1,23.5,20.8,18.4,15,12.3,7.8,4.1,1.4,0.3,0,0,0,0,0,0
2021-02-02,0,0,0,0,0,0,0,0,0,0,0,0,0,0,1,4.5,10.1,15.1,18.7,21.4,24.3,26,27.8,28.9,30.4,31.2,31.4,31.6,32,31.9,31.7,31.1,29.3,27,24.6,21.8,18.9,14.4,9.5,4.7,1.4,0.3,0,0,0,0,0,0
2021-02-03,0,0,0,0,0,0,0,0,0,0,0,0,0,0,1.3,5.4,11.7,17.2,22.1,26,30,32.8,35.1,36.1,37.2,37.8,37.3,37,36.7,36.3,35.8,34.4,33.1,30.5,26.7,22.9,18.7,14.7,9.3,4.3,1.3,0.3,0,0,0,0,0,0
2021-02-04,0,0,0,0,0,0,0,0,0,0,0,0,0,0,1.3,5.4,10.6,15.9,20.3,23.3,26.5,28.9,29.4,30.1,30.7,31.1,30.9,30.9,30.4,29.2,26.9,25.5,24.8,21.4,18,14.6,11.3,7.8,4.3,1.8,0.5,0.1,0,0,0,0,0,0
2021-02-05,0,0,0,0,0,0,0,0,0,0,0,0,0,0,0.9,3.9,8.2,12.4,16.3,20.5,23.5,26.2,28.4,28.7,29.2,29,28.7,28.9,27.9,28.3,27.5,25.6,24.1,21.3,19.2,17,13.1,9.2,5.8,2.9,0.9,0.2,0,0,0,0,0,0
2021-02-06,0,0,0,0,0,0,0,0,0,0,0,0,0,0,0.9,4.7,10.3,15.2,18.5,20.5,22.7,24.9,26.3,27.5,29.5,30.3,30.1,30,30.1,30.3,30.4,29.2,28.4,26.1,23.2,20.1,15.9,13.1,8,3.7,1,0.1,0,0,0,0,0,0
2021-02-07,0,0,0,0,0,0,0,0,0,0,0,0,0,0,1.1,5,10.6,16.9,21.7,24.4,26.9,29.1,31.8,34.2,35.6,36.1,36.3,36.6,35.8,34.8,33.6,32.2,30.6,29.3,26.8,23.1,18.8,14.6,9.3,4.3,1.3,0.2,0,0,0,0,0,0
2021-02-08,0,0,0,0,0,0,0,0,0,0,0,0,0,0,0.8,3.9,8.4,13.7,17.7,21.4,24.2,26.9,29,30.3,30.9,31.3,30.9,30.2,31.3,30.8,30.4,30.2,29.1,27.2,24.4,21.5,17.8,13.3,7.9,3.6,1.1,0.2,0,0,0,0,0,0
2021-02-09,0,0,0,0,0,0,0,0,0,0,0,0,0,0,0.8,4.3,9.7,15.1,19.6,23.7,26.6,29.2,30.5,32.3,33.3,33.7,33.9,34.1,33.4,32.5,31.5,30.8,29.8,28.2,25.3,21.3,18.2,14.1,8.4,3.6,1.1,0.2,0,0,0,0,0,0
2021-02-10,0,0,0,0,0,0,0,0,0,0,0,0,0,0,0.9,4.7,10.2,16.1,21.1,24.7,27.5,30.9,32.2,32.7,32.7,32.6,33.1,33.4,33.9,33.2,32.2,30.4,28.7,26.1,23.2,20.2,17.7,13.7,8.4,3.6,1,0.2,0,0,0,0,0,0
2021-02-11,0,0,0,0,0,0,0,0,0,0,0,0,0,0,0.8,4.3,9.7,15.6,20.7,23.8,26.5,28,29.3,30.4,30.6,30.1,29.5,29.8,28.9,27.9,26.9,24.9,21.9,19.6,17.5,14.8,11.2,7.6,4.1,1.6,0.4,0.1,0,0,0,0,0,0
2021-02-12,0,0,0,0,0,0,0,0,0,0,0,0,0,0,0.5,2.7,6.3,10,13.4,16.4,19.2,21.6,23.7,26.1,27.9,28.8,29.1,30.3,31,30.9,30.3,27.9,24.9,23.1,20.5,17.7,15,11.7,7.3,3.4,1,0.2,0,0,0,0,0,0
2021-02-13,0,0,0,0,0,0,0,0,0,0,0,0,0,0,0.6,4,9.9,15.9,20,23.7,26.6,29.4,31.2,32.7,33.4,34.1,34.3,34.4,34.1,33.5,32.6,31.6,29.9,28.6,26.4,23.2,19.2,14.5,9,3.9,1.1,0.2,0,0,0,0,0,0
2021-02-14,0,0,0,0,0,0,0,0,0,0,0,0,0,0,0.5,3.7,9.6,16,21.1,25.6,28.9,31.9,33.4,35.5,37,37.4,37.5,37.8,37.8,36.8,36.1,35.3,33.9,31.6,28.4,24.2,21.7,15.8,9.3,4,1.1,0.2,0,0,0,0,0,0
2021-02-15,0,0,0,0,0,0,0,0,0,0,0,0,0,0,0.6,4,9.4,15.5,19.8,24.6,27.6,30.3,33.2,35.1,35.6,36.5,36.9,37,36.8,36.5,35.7,34.6,32.4,29.6,26,23,18.9,13.8,8.1,3.3,0.9,0.1,0,0,0,0,0,0
2021-02-16,0,0,0,0,0,0,0,0,0,0,0,0,0,0,0.6,4.1,9.9,15.6,19.5,23.5,26.4,29.2,30.7,32.6,33.6,34.1,33.8,33.2,32.1,31.8,30.8,29.7,27.8,24.2,21.8,18.7,15.5,10.5,6,2.4,0.6,0.1,0,0,0,0,0,0
2021-02-17,0,0,0,0,0,0,0,0,0,0,0,0,0,0,0.5,3.6,9.6,16,20.7,24.1,27.2,29.3,31.1,32.1,33.1,33.5,34.5,34,32.8,31.6,30.3,29.2,27.4,25.7,23.4,20.4,16.4,12.4,7.3,2.8,0.7,0.1,0,0,0,0,0,0
2021-02-18,0,0,0,0,0,0,0,0,0,0,0,0,0,0,0.4,3.1,8.1,13.8,18.3,21.3,24.2,26.5,28.5,29.8,30.7,31.8,31.8,32.1,31.7,31.2,30,29.1,27.1,24.7,21.8,18.6,15.4,11.4,6.7,2.7,0.6,0.1,0,0,0,0,0,0
2021-02-19,0,0,0,0,0,0,0,0,0,0,0,0,0,0,0.3,2.6,6.6,11.2,15.1,18.1,20.7,23.4,25.7,27.5,28.3,28.5,28.9,28.7,27.7,26.4,25.4,23.9,22.3,20,17.4,14.8,12.5,8.9,4.9,1.7,0.3,0,0,0,0,0,0,0
2021-02-20,0,0,0,0,0,0,0,0,0,0,0,0,0,0,0.2,2.6,8.1,13.6,17.2,20,22.3,25.1,27,28.5,30,30.3,30.1,29.9,29.8,29.2,28.1,27.3,25.2,23.2,21.4,18.4,15.3,10.1,5.5,2.1,0.6,0.1,0,0,0,0,0,0
2021-02-21,0,0,0,0,0,0,0,0,0,0,0,0,0,0,0.4,3.6,9.5,16.4,22.3,25.7,28.7,31.8,34,35.2,36.2,35.8,35.5,34.9,34.5,33.1,31.7,30.3,27.9,25.5,22.7,18.9,14.9,10.6,5.9,2.2,0.6,0.1,0,0,0,0,0,0
2021-02-22,0,0,0,0,0,0,0,0,0,0,0,0,0,0,0.3,3.3,9.5,16.2,20.8,24.9,27.4,30,32.1,33.5,34.2,35,35.2,34.6,34.2,33.5,32.4,30.4,27.8,25.5,22.7,19.3,15.7,11.2,6.2,2.3,0.6,0.1,0,0,0,0,0,0
2021-02-23,0,0,0,0,0,0,0,0,0,0,0,0,0,0,0.3,3.1,8.6,14.4,18.9,22.4,25.8,28.1,29.8,30.8,31.5,32.2,32.8,33.1,32.7,32.1,31.4,30.3,28.7,25.7,22.9,19.3,15.5,11.4,6.4,2.4,0.5,0.1,0,0,0,0,0,0
2021-02-24,0,0,0,0,0,0,0,0,0,0,0,0,0,0,0.2,2.2,6.1,11.2,15.3,19.9,23.6,27.1,29.8,31,32.6,33.1,32.7,32.5,32.7,31.6,30,29.1,27.1,25.2,22.2,18.4,15.2,11.1,6.1,2.4,0.6,0.1,0,0,0,0,0,0
2021-02-25,0,0,0,0,0,0,0,0,0,0,0,0,0,0,0.2,2,6.3,11.9,16,18.9,21.6,23.5,25.5,27.4,29.3,30.3,31.7,31.9,30.6,30.8,29.8,29.4,28.3,25.2,22.1,18.5,15.2,11.1,6.3,2.3,0.5,0,0,0,0,0,0,0
2021-02-26,0,0,0,0,0,0,0,0,0,0,0,0,0,0,0.2,2.7,7.7,13.3,18.1,22,25,28.3,30.8,32.1,33,33.4,33.8,34,34.2,34.5,33.7,32.4,30.4,27.6,24.3,20.5,15.9,10.7,5.9,2.2,0.5,0,0,0,0,0,0,0
2021-02-27,0,0,0,0,0,0,0,0,0,0,0,0,0,0,0.2,2,6.1,11.6,14.1,17.2,21,23.4,25.6,27,27.8,28.3,28.5,28.8,29.5,29.1,28.1,26.3,24.6,22.8,20.5,18.7,15,10.7,5.9,2.1,0.5,0,0,0,0,0,0,0
2021-02-28,0,0,0,0,0,0,0,0,0,0,0,0,0,0,0.2,2.5,7.8,14.2,19.6,23.7,27.1,30.2,32.5,34.6,36.3,36.7,36.6,36,35.2,34.1,32.4,30.5,28.3,25.5,22.1,17.8,13.8,9.5,5.1,1.9,0.4,0,0,0,0,0,0,0
2021-03-01,0,0,0,0,0,0,0,0,0,0,0,0,0,0,0.1,1.6,5.2,10.1,14.1,17.4,20.6,23.1,25.2,26.7,27.1,27.7,27.6,27.2,27.5,26.7,25.7,24.5,22.6,20.3,18.1,15.3,12.9,9.2,5,1.7,0.3,0,0,0,0,0,0,0
2021-03-02,0,0,0,0,0,0,0,0,0,0,0,0,0,0,0.2,2.4,7.8,13.8,18.6,21.8,25.4,28.2,30.5,32.4,33.9,34.5,35,35.8,35.7,35.2,33.6,32.4,29.6,27.6,24.2,20.2,15.2,9.8,4.5,1.2,0.2,0,0,0,0,0,0,0
2021-03-03,0,0,0,0,0,0,0,0,0,0,0,0,0,0,0.1,1.6,5.7,11.2,15.6,19.4,22.8,26.3,28.1,29.5,30.9,32.2,32.8,32.8,33,32.5,31.7,30.4,28.5,26.1,24,19.9,16.3,11.1,5.6,1.8,0.3,0,0,0,0,0,0,0
2021-03-04,0,0,0,0,0,0,0,0,0,0,0,0,0,0,0.1,1.7,6.2,12.3,17.2,21.5,24.7,27,29.8,32.9,34.5,35.3,34.9,34.8,34.7,34.2,33.6,32.2,30.7,28.1,25.4,21.8,17,11.2,5.3,1.6,0.3,0,0,0,0,0,0,0
2021-03-05,0,0,0,0,0,0,0,0,0,0,0,0,0,0,0.2,2.3,8.1,15.4,21.5,26.2,30.1,33,35,36.3,37.3,38.8,39.6,39.6,39.2,38.9,38.2,36.2,34,31.7,28,23.5,18.3,11.8,5.2,1.4,0.2,0,0,0,0,0,0,0
2021-03-06,0,0,0,0,0,0,0,0,0,0,0,0,0,0,0.1,2.3,8.5,16.2,22.8,28,32.5,36.1,38,39.2,40.4,41.6,42.1,42.2,41.7,40.6,39.2,38,35.9,32.5,29.4,23.9,18.1,11.2,4.5,1,0.2,0,0,0,0,0,0,0
2021-03-07,0,0,0,0,0,0,0,0,0,0,0,0,0,0,0.1,2.1,7.5,14.3,19.8,24.2,28.6,32.2,33.7,36,37.9,38.5,38.9,37.5,36.8,36.2,34.4,32.5,29.8,26,21.2,16.3,12.3,6.8,2.9,0.7,0.1,0,0,0,0,0,0,0
2021-03-08,0,0,0,0,0,0,0,0,0,0,0,0,0,0,0.1,1.5,4.8,9.8,13.7,16.5,20,23.6,26.5,28.5,29.6,30.6,30.3,29.9,27.6,25.6,25.6,23.5,22.7,20.2,17.9,14.7,12.4,8.1,3.6,1.1,0.2,0,0,0,0,0,0,0
2021-03-09,0,0,0,0,0,0,0,0,0,0,0,0,0,0,0.1,1.5,6.2,12.8,18.3,22.6,26.7,29.7,32.6,34.9,36.1,35.6,35.2,35.4,35.7,35.2,34,32.6,30.9,27.7,24.7,20.8,15.8,9.9,4.2,1.1,0.2,0,0,0,0,0,0,0
2021-03-10,0,0,0,0,0,0,0,0,0,0,0,0,0,0,0.1,1.8,7,13.3,18.4,21.8,25.3,28.4,31.3,34,35.4,35.8,35.5,35.8,34.7,32.8,31.6,29.5,26.6,23.5,19.4,16.2,11.6,6.9,2.6,0.6,0.1,0,0.1,0,0,0,0,0
2021-03-11,0,0,0,0,0,0,0,0,0,0,0,0,0,0,0,1,3.8,7.2,10.8,15.1,18.2,20.6,23.4,25.6,27,27.5,26.8,25.9,25.1,24.4,23.3,23,21,19.5,16.8,14.4,10.9,7.5,3.1,0.9,0.1,0,0,0,0,0,0,0
2021-03-12,0,0,0,0,0,0,0,0,0,0,0,0,0,0,0.1,1.3,6,12.3,17.7,21.7,24.7,27,29,30.2,30.8,31.6,31.3,30.4,31,30,28,26.3,25.2,24,22.7,19.5,14.6,9.3,3.8,1,0.1,0,0,0,0,0,0,0
2021-03-13,0,0,0,0,0,0,0,0,0,0,0,0,0,0,0.1,1.6,6.5,13.2,18.1,21.5,24,25.3,26.3,28.4,28.9,28.5,27.6,27.3,26.4,26.6,25.2,23.7,21.3,19.4,16.7,13.3,9,5,2,0.6,0.2,0,0,0,0,0,0,0
2021-03-14,0,0,0,0,0,0,0,0,0,0,0,0,0,0,0.1,1.4,6.3,13,18.1,21.8,25,27.1,29.1,30.7,32.2,33,33,33.4,32.8,32.5,32.2,30.1,28.7,26.6,23.8,20,15.3,9.3,3.8,0.9,0.1,0,0,0,0,0,0,0
2021-03-15,0,0,0,0,0,0,0,0,0,0,0,0,0,0,0,1.1,5.5,12.1,17.2,21.1,24.7,28,30.4,31.4,31.5,31.6,31.6,31.4,31,29.9,28.6,27.5,26.4,24.1,21.7,17.5,13.2,8,3.1,0.6,0.1,0,0,0,0,0,0,0
2021-03-16,0,0,0,0,0,0,0,0,0,0,0,0,0,0,0,0.9,4.7,10.2,15.2,18.8,21.9,25.4,28.5,29.8,30.7,31,30.2,29.3,28.7,27.7,26.5,25.8,24.4,21.7,19.5,16.6,12.5,7.5,2.8,0.6,0.1,0,0,0,0,0,0,0
2021-03-17,0,0,0,0,0,0,0,0,0,0,0,0,0,0,0,0.4,2.4,5.4,9.5,12.2,14.7,17.5,20.7,22.2,23.3,23.8,23.9,24,23.9,23.7,22.8,22,20.1,18.1,15.3,12.5,9.3,5.8,2.4,0.7,0.1,0,0,0,0,0,0,0
2021-03-18,0,0,0,0,0,0,0,0,0,0,0,0,0,0,0,0.5,2.5,6.3,10.3,14.3,17.6,20,22.1,23.9,25,25.2,25.7,26,25.5,25.6,25.5,23.1,20.5,17.2,15.3,11.8,8.2,4.7,2,0.5,0.1,0,0,0,0,0,0,0
2021-03-19,0,0,0,0,0,0,0,0,0,0,0,0,0,0,0,0.7,3.7,8.5,13.5,19.1,21.9,24.8,27.4,29.4,30.6,31.3,31.6,31.2,30.5,29.2,27.2,25,22.2,19.8,17.7,14.7,10,6.1,2.4,0.6,0.1,0,0,0,0,0,0,0
2021-03-20,0,0,0,0,0,0,0,0,0,0,0,0,0,0,0,0.7,4.8,11.1,16,19.8,22.2,24.7,27.2,29,29.9,30.1,30.2,29.3,27.6,26.6,25.1,23,20.3,17.4,14.4,11.7,8.8,5.3,1.9,0.4,0,0,0,0,0,0,0,0
2021-03-21,0,0,0,0,0,0,0,0,0,0,0,0,0,0,0,0.5,2.3,5,7.9,10.8,13.7,15.8,18.1,19.7,21.5,22.4,22.3,22,21.3,19.5,18,16.3,13.8,11.8,9.4,7.2,5,3,1.3,0.4,0.1,0,0,0,0,0,0,0
2021-03-22,0,0,0,0,0,0,0,0,0,0,0,0,0,0,0,0.2,1.4,3.9,6.8,9.6,11.6,13.2,14.5,15.9,16.6,17.2,17.2,17.2,17.2,16.5,16,14,12.9,10.8,8.8,6.9,5.1,3,1.2,0.4,0,0,0,0,0,0,0,0
2021-03-23,0,0,0,0,0,0,0,0,0,0,0,0,0,0,0,0.1,1.1,3.1,5.3,7.2,9.4,12.1,13.6,15.3,16.9,18.2,19.1,19.6,19.7,19.6,19.8,18.7,17.1,15.2,13.2,10.9,8.6,5.2,1.9,0.4,0,0,0,0,0,0,0,0
2021-03-24,0,0,0,0,0,0,0,0,0,0,0,0,0,0,0,0.5,3.3,7.7,12.1,15.2,18.5,21.8,24.5,27.2,27.6,28.5,29.6,29.7,29.5,28.8,27.3,26.7,25.1,21.9,18.1,13.8,8.8,4.4,1.2,0.1,0,0,0,0,0,0,0,0
2021-03-25,0,0,0,0,0,0,0,0,0,0,0,0,0,0,0,0.8,3.8,9,14,19.5,25,28.9,30.3,33.1,34.6,34.5,34.6,34.6,33.1,32.3,31.4,30.5,29.3,26.2,21.9,16.9,11.8,6.2,1.9,0.4,0,0,0,0,0,0,0,0
2021-03-26,0,0,0,0,0,0,0,0,0,0,0,0,0,0,0.1,1,5.4,11.9,19.3,23.8,27.4,31.1,33.6,35.2,36.1,36.4,36.1,34.8,34.3,33.5,31.7,29.4,26.7,23.6,19.2,14.7,9.4,4.7,1.4,0.3,0,0,0,0,0,0,0,0
2021-03-27,0,0,0,0,0,0,0,0,0,0,0,0,0,0,0,1,5.5,12.9,18.9,23.8,28.4,31.3,33.5,35.4,36.3,37.6,37.1,37.5,38.6,37.1,34.6,32.6,29.4,26.3,23.3,17.9,11.8,6.2,1.7,0.3,0,0,0,0,0,0,0,0
2021-03-28,0,0,0,0,0,0,0,0,0,0,0,0,0,0,0,1.2,6.9,14.5,22,27.1,31.2,33.7,36.7,38.4,38.4,39.1,39.7,39.9,39.6,38.3,36.5,35,32.3,27.8,23.9,19.2,12.5,6.3,1.7,0.3,0,0,0,0,0,0,0,0
2021-03-29,0,0,0,0,0,0,0,0,0,0,0,0,0,0,0,0.8,4.9,11.9,18.9,24.6,29,32.1,34.2,35.8,37.3,37.9,38.4,38.2,38,37.2,35.6,33.3,31.3,27.5,23.5,19.2,12.6,6.3,1.7,0.3,0,0,0,0,0,0,0,0
2021-03-30,0,0,0,0,0,0,0,0,0,0,0,0,0,0,0,0.6,4.4,10.7,17.4,22.6,26.7,30,33.1,36,37.4,37.9,38.4,38.2,37.4,36.4,35.9,34.1,31.9,28.8,24.5,19.7,12.8,5.7,1.5,0.2,0,0,0,0,0,0,0,0
2021-03-31,0,0,0,0,0,0,0,0,0,0,0,0,0,0,0,0.7,4.9,11.5,18.6,24.5,29.2,33.3,36.2,37.6,38.5,38.9,39.3,39.3,38.9,38.3,38.2,35.9,32.6,29.2,25.2,19,12.4,5.6,1.4,0.2,0,0,0,0,0,0,0,0
2021-04-01,0,0,0,0,0,0,0,0,0,0,0,0,0,0,0,0.6,4.7,11.7,19.4,25.7,29.9,33.2,35.3,36,36.4,36.6,36.8,36.9,36.2,35.2,34.5,33,30.9,28.1,23.5,18.4,12,5.3,1.3,0.2,0,0,0,0,0,0,0,0
2021-04-02,0,0,0,0,0,0,0,0,0,0,0,0,0,0,0,0.9,5.9,13.9,22.3,28.4,33.3,36.8,38.6,39.5,40.5,41.2,42.2,42.6,42.2,41.2,39.7,36.2,33.2,29.5,25.6,19.8,12.2,5.3,1.3,0.2,0,0,0,0,0,0,0,0
2021-04-03,0,0,0,0,0,0,0,0,0,0,0,0,0,0,0,0.5,4.6,12.2,19.5,25,29.2,31.9,34.2,35.9,37.1,37.6,37.7,37.4,37.3,36.3,34.8,32.6,29.5,26.6,22.4,17.4,11.1,5,1.1,0.1,0,0,0,0,0,0,0,0
2021-04-04,0,0,0,0,0,0,0,0,0,0,0,0,0,0.3,3,8.6,15.2,20.6,24.4,27.8,31.3,33.3,34.5,34.8,34.7,34.3,33.9,32.4,30.5,28.7,26.9,23.9,20.5,15.7,9.8,4.3,1.1,0.1,0,0,0,0,0,0,0,0,0,0
2021-04-05,0,0,0,0,0,0,0,0,0,0,0,0,0,0.2,2.5,7.7,13.7,18.3,21.7,24.6,26.9,29.3,31.5,32.8,32.8,33.5,33.1,32.4,31.3,29.9,27.6,24.3,20.8,16.2,10,4.3,0.9,0.1,0,0,0,0,0,0,0,0,0,0
2021-04-06,0,0,0,0,0,0,0,0,0,0,0,0,0,0.2,2.2,6.9,13,17.5,20.5,23.4,25.2,26.7,28.4,27.8,27.6,27.8,27.8,27.1,25.9,24.5,21.8,19.5,16.2,12.6,7.8,3.5,0.8,0.1,0,0,0,0,0,0,0,0,0,0
2021-04-07,0.1,0,0,0,0,0,0,0,0,0,0,0.1,0,0.4,2.7,7.4,12.1,16.4,19.2,21.5,23.5,25.8,28.1,29.2,29.8,29.8,29.6,29,28,25.8,23.1,19.9,16.9,12.2,7.6,3.2,0.8,0.1,0,0,0,0,0,0,0,0,0,0
2021-04-08,0,0,0.1,0.1,0,0,0,0,0,0,0,0,0,0.5,3.8,9.5,15.8,20.2,23.4,26.2,28.9,30.6,31.1,31.2,31.8,31.5,30.9,29.9,28.3,25.6,24,21.1,17.6,12.6,7,2.8,0.5,0.1,0,0,0,0,0,0,0,0,0,0
2021-04-09,0,0,0,0,0,0,0,0,0,0,0,0,0,0.5,3.2,8.5,14,18.9,23.3,26.5,29.4,29.1,30.6,31.6,32.5,33.1,33.1,32.2,32.2,28.8,27.3,25.4,21.4,15.8,8.7,3,0.6,0.1,0,0,0,0,0,0,0,0,0,0
2021-04-10,0.1,0,0,0,0,0,0,0,0,0,0,0,0,0.6,4.1,10,15.1,19.2,23.3,28,30.1,32,33,34.5,34.9,34.3,33.3,33.4,33.1,30.4,27.3,24,19.6,12.9,7.5,2.8,0.5,0,0,0,0,0,0,0,0,0,0,0
2021-04-11,0,0,0,0,0,0,0,0,0,0,0,0,0,0.5,3.9,10.2,16.5,20.8,24.8,28.3,30.2,31.4,33.4,34.2,34.7,35,35.3,34.9,34.5,32.8,30.1,27.2,21.3,16.2,8.4,2.7,0.5,0,0,0,0,0,0,0,0,0,0,0
2021-04-12,0,0,0,0,0,0,0,0,0,0,0,0,0,0.5,4,10.8,18.2,23.7,28.1,31.2,33.6,35.7,36.6,37.4,37.9,38,37.8,36.8,35.3,33.3,30.7,27.1,22.6,16.3,9.1,2.9,0.4,0,0,0,0,0,0,0,0,0,0,0
2021-04-13,0,0,0,0,0,0,0,0,0,0,0,0,0,0.5,4,10.4,16.1,20.1,23.8,26.8,28.9,30.4,30.8,31.1,31.7,32.2,32.7,32,30.9,29.4,25.4,20.5,15,9.8,4.9,1.4,0.1,0,0,0,0,0,0,0,0,0,0,0
2021-04-14,0,0,0,0,0,0,0,0,0,0,0,0,0,0.4,2.9,7.3,13.1,17.3,21.9,26.2,29.6,30.2,31.7,33.7,34.5,33.2,32.2,32.2,31.9,29,26.2,23.6,19.6,13.7,7.4,2.3,0.4,0,0,0,0,0,0,0,0,0,0,0
2021-04-15,0,0,0,0,0,0,0,0,0,0.1,0,0.1,0,0.5,3.9,9.8,16.3,21.1,25.2,28.5,31.3,33.4,35.4,36.2,36.5,37.1,37.1,35.9,34.1,31.4,27.9,24.9,19.7,13.7,7.2,2.2,0.4,0,0,0,0,0,0,0,0,0,0,0
2021-04-16,0,0,0,0,0,0,0,0,0,0,0,0,0,0.4,3.5,9.7,16.3,21.6,25.3,28.8,31.6,32.9,33.7,33.4,33.5,33.3,32.5,31.9,30.2,28.4,25.9,22.6,19.3,13.9,7.3,2.2,0.4,0,0,0,0,0,0,0,0,0,0,0
2021-04-17,0,0,0,0,0,0,0,0,0,0,0,0,0,0.2,2.5,7.4,13.1,17.4,20.5,23.2,25.7,27.6,28.6,28.6,28.4,28.8,28.4,27.7,27.1,26,24.1,21.6,18.4,13.2,6.9,2,0.3,0,0,0,0,0,0,0,0,0,0,0
2021-04-18,0,0,0,0,0,0,0,0,0,0.1,0,0,0,0.2,2.8,8.5,14.3,20.3,24.8,28,30.6,33.3,34.7,34.7,35,34.6,34.3,33.5,32.1,30.5,27.8,24.1,19.7,13.1,6.2,1.6,0.2,0,0,0,0,0,0,0,0,0,0,0
2021-04-19,0,0,0,0,0,0,0,0,0,0,0,0,0,0.3,3.4,9,15,19.2,23.3,26.6,29.2,31.6,33.2,33.4,33.2,32.4,31.8,31,29.8,27.7,25.6,22.5,18.6,12.6,5.9,1.5,0.2,0,0,0,0,0,0,0,0,0,0,0
2021-04-20,0,0,0.1,0,0,0.1,0,0,0,0,0,0,0,0.3,2.5,6.9,12.2,17.1,21.2,24,25.9,26.8,26.9,27,26.9,26,25.2,24.1,22.7,21,18.3,15,11.7,8,3.9,1.2,0.2,0,0,0,0,0,0,0,0,0,0,0
2021-04-21,0,0,0,0,0,0,0,0,0,0,0,0,0,0.2,2,5.5,10.7,15.7,20.5,23.6,26.8,29,30.3,30.3,30.9,31.3,30.9,30.4,29,26.6,23.4,19.2,14.1,8.9,4.2,0.8,0.1,0,0,0,0,0,0,0,0,0,0,0
2021-04-22,0,0,0,0,0,0,0,0,0,0,0,0,0,0.1,1.7,4.1,7.5,12,15.2,18.2,22.3,24.8,25.4,26,25.5,24.7,22.9,21.7,21.6,18.9,15.7,13.3,9.1,5.6,2.6,0.7,0.1,0,0,0,0,0,0,0,0,0,0,0
2021-04-23,0,0,0,0,0,0,0,0,0,0,0,0,0,0.1,0.9,2.6,10.4,15.4,20.5,24.3,27.1,29.4,30.5,30.5,30.5,30.4,30.6,29.7,27.8,25.5,22.9,19.1,14.4,8.8,3.9,0.9,0.2,0,0,0,0,0,0,0,0,0,0,0
2021-04-24,0,0,0,0,0,0,0,0,0,0,0,0,0,0.2,2.2,6.8,12.7,18.7,23.1,27.4,30.4,32.1,32.4,33.8,35.4,35.6,34.2,32.8,31,29.3,26.1,21.9,17,10.7,5,1.3,0.2,0,0,0,0,0,0,0,0,0,0,0
2021-04-25,0,0,0,0,0,0,0,0,0,0,0,0,0,0.2,2.5,8.2,15.9,22.8,27.4,31.5,34.4,37,38.2,38.2,38.2,37.4,36.5,34.5,32.2,29.7,26.7,23.3,17.7,11.1,4.8,1.1,0.2,0,0,0,0,0,0,0,0,0,0,0
2021-04-26,0,0,0,0,0,0,0,0,0,0,0,0,0,0.2,2.1,7,13.2,19.1,24,27.7,30.3,32,32.8,33,33.2,33.4,32.9,31.8,30.7,29,26.9,23.4,18.3,11.5,4.9,1.1,0.1,0,0,0,0,0,0,0,0,0,0,0
2021-04-27,0,0,0,0,0,0,0,0,0,0,0,0,0,0.2,2.2,7.3,13.9,19.4,24.1,27.7,30.1,31.5,32.6,33.5,33.4,32.9,32.7,32.7,30.9,29.1,26.3,22.9,18.4,11.4,5,1.1,0.1,0,0,0,0,0,0,0,0,0,0,0
2021-04-28,0,0,0,0,0,0,0,0,0,0,0,0,0,0.2,2.1,6.8,13.2,18.4,23.5,27.4,30.1,31.9,32.9,33,33.6,33.9,33.7,32.2,30,27.9,24.9,21.1,16.2,10.7,4.7,1.1,0.1,0,0,0,0,0,0,0,0,0,0,0
2021-04-29,0,0,0,0,0,0,0,0,0,0,0,0,0,0.1,1.7,5.9,11.6,18.1,22.6,27,30.4,32.8,34.2,34.7,35.2,34.8,34,33.1,30.4,28.4,25.2,21.5,16.5,10.1,4.3,1.1,0.3,0.2,0.1,0,0,0,0,0,0,0,0,0
2021-04-30,0,0,0,0,0,0,0,0,0,0,0,0,0,0.1,1.3,4.9,11.2,16.9,21.7,25.4,28.6,30.6,31.7,33.1,33.4,32.3,30.6,29.4,28.1,26.2,24,20.2,15.8,10.1,4,0.7,0.1,0,0,0,0,0,0,0,0,0,0,0
2021-05-01,0,0,0,0,0,0,0,0,0,0,0,0,0,0.1,1.7,6.3,11.8,16.4,20.2,23.9,26.6,28.2,29.1,29.2,29.3,30,30.2,29.1,26.8,24.1,22,17.4,13.1,8.4,3.7,0.9,0.1,0,0,0,0,0,0,0,0,0,0,0
2021-05-02,0,0,0,0,0,0,0,0,0,0,0,0,0,0.1,1.5,5.6,12.1,17.5,21.7,25.5,27.7,29.3,29.4,30.4,31.5,31.5,31.5,29.9,28.6,26.9,24.6,21.1,15.7,9.3,4.2,0.8,0.1,0,0,0,0,0,0,0,0,0,0,0
2021-05-03,0,0,0,0,0,0,0,0,0,0,0,0,0,0.1,1.8,6.4,12.2,17.3,20.9,24,26.1,27.7,28.4,29.2,29,28.4,28.5,27.2,25,22.3,19.4,16,11.7,6.6,2.6,0.6,0.1,0,0,0,0,0,0,0,0,0,0,0
2021-05-04,0,0,0,0,0,0,0,0,0,0,0,0,0,0.1,1.4,4.5,8.4,12.6,16.1,18.6,20.5,22.1,22.4,23,22.7,22.4,21.8,20.8,20,17.7,15,13.2,9.9,6.3,2.6,0.6,0,0,0,0,0,0,0,0,0,0,0,0
2021-05-05,0,0,0,0,0,0,0,0,0,0,0,0,0,0.1,1.5,4.9,9.2,12.9,15.1,17.6,20.3,21.3,22.5,23.4,23.9,24.4,24.9,25.5,24.4,23.8,22.3,18.3,14.1,8.7,3.4,0.6,0.1,0,0,0,0,0,0,0,0,0,0,0
2021-05-06,0,0,0,0,0,0,0,0,0,0,0,0,0,0.1,1.6,5.4,11.1,16,19.8,22.8,23.4,27.5,28.4,29.5,29.7,29.4,29.8,29.1,28.1,26.7,23.7,18.9,13.2,7.8,2.7,0.4,0,0,0,0,0,0,0,0,0,0,0,0
2021-05-07,0,0,0,0,0,0,0,0,0,0,0,0,0,0.1,1.8,5.8,11.5,17.4,21.5,24.3,26.6,29.1,30.4,31,31.3,30.3,28.5,27.4,25.2,22.9,20.3,16.4,12.3,7.4,2.9,0.5,0,0,0,0,0,0,0,0,0,0,0,0
2021-05-08,0,0,0,0,0,0,0,0,0,0,0,0,0,0.1,1.9,5.8,10.6,16.6,21.5,26.8,27.5,28.6,28.9,29,29.1,28.5,28,27.3,26.2,23.7,21.4,19.6,18.5,16,14.3,0.5,0.1,0,0,0,0,0,0,0,0,0,0,0
2021-05-09,0,0,0,0,0,0,0,0,0,0,0,0,0,0.1,0.7,2.8,5.8,8.2,10,20.9,23.3,26,28.6,29.4,30,30.3,29.3,28.1,28.2,27.2,24.1,20.1,14.2,9.4,3.6,0.7,0.1,0,0,0,0,0,0,0,0,0,0,0
2021-05-10,0,0,0,0,0,0,0,0,0,0,0,0,0,0.1,1.3,5.1,9.6,13,16.7,20.7,23.5,24.7,26,26.7,26.7,26.8,25.8,24.6,23.3,20.6,17.7,14.4,11.1,5.9,2.2,0.4,0,0,0,0,0,0,0,0,0,0,0,0
2021-05-11,0,0,0,0,0,0,0,0,0,0,0,0,0,0.1,0.7,3.1,7.5,12,15.8,19.3,22.2,24.3,24.9,26.3,26.3,25.6,24.8,23.2,21.5,19.9,17.6,14.3,10.6,5.5,2.1,0.4,0,0,0,0,0,0,0,0,0,0,0,0
2021-05-12,0,0,0,0,0,0,0,0,0,0,0,0,0,0,0.5,2.8,7,12.3,16.6,20.9,24.8,27.4,29.1,29.8,30.2,29.5,28.9,29,27.7,25.7,22.6,18.4,14,8.2,2.9,0.5,0,0.1,0,0,0,0,0,0,0,0,0,0
2021-05-13,0,0,0.1,0.1,0.1,0.1,0.1,0.1,0.1,0.1,0.1,0.1,0,0.1,0.8,3.1,5.9,7.8,10.1,23.7,26,26.8,28.2,29.7,30.4,31.1,30.7,29.3,28.4,27.5,26.3,24.6,21.9,19.2,17.3,16.2,16,16,16.3,16.6,16.8,17.1,17.5,18,18.5,18.8,19.2,19.3
2021-05-14,0,0,0,0,0,0,0,0,0,0,0,0,0,0,0.7,3,9.8,15.3,19.4,22.8,25.5,27.1,28.3,29.5,30.6,30.7,29.8,28.8,28.1,25.5,21.9,17.1,11.8,6.4,2,0.2,0,0,0,0,0,0,0,0,0,0,0,0
2021-05-15,0,0,0,0,0,0,0,0,0,0,0,0,0,0.1,1.3,5.2,10.8,16.6,21.2,24.7,26.7,28.4,28.8,29,29.6,30,29.5,29.5,28.5,27.9,25.7,22,16.2,8.6,2.6,0.3,0,0,0,0,0,0,0,0,0,0,0,0
2021-05-16,0,0,0,0,0,0,0,0,0,0,0,0,0,0.1,1.7,6,11.1,15.6,20.5,23.5,26.3,28.3,29,29.8,29.9,30,30.4,29.8,28.3,26.6,23.4,19.7,14.3,7.2,2.3,0.3,0,0,0,0,0,0,0,0,0,0,0,0
2021-05-17,0,0,0,0,0,0,0,0,0,0,0,0,0,0,1.2,4.5,9.9,15.4,20,23.2,26.3,28.1,29.2,29.5,29.1,29.2,29.1,28.5,26.5,24.6,21.1,17.5,12.7,6.7,2,0.4,0,0,0,0,0,0,0,0,0,0,0,0
2021-05-18,0,0,0,0,0,0,0,0,0,0,0,0,0,0,1,4.2,9.2,14.7,19.2,22.9,26,28.7,30.5,31.7,32.1,31.6,31.2,30.3,29.2,26.8,23.8,17.8,12.4,6.9,2.1,0.3,0,0,0,0,0,0,0,0,0.1,0,0,0
2021-05-19,0,0,0,0,0,0,0,0,0,0,0,0,0,0,0.9,3.9,8.4,13.5,18.2,21.9,24.9,27.4,28.7,29.3,29.1,29.7,29.1,27.9,27.1,24.5,22.7,18.2,13.1,6.3,1.6,0.2,0,0,0,0,0,0,0,0,0,0,0,0
2021-05-20,0,0,0,0.1,0,0,0,0,0,0,0,0,0,0,0.9,3.9,8.6,13.1,16,18.7,21.4,23.6,25.4,26.8,27.4,27.7,27.5,26.3,24.9,22.7,19.5,14.6,9.9,4.9,1.6,0.2,0,0,0,0,0,0,0,0,0,0,0,0
2021-05-21,0,0,0,0,0,0,0,0,0,0,0,0,0,0,0.9,4,9.3,14.9,18.9,22.1,24.7,26.7,28.5,29.7,30.4,30.8,30.5,29.7,28.4,26.5,23.2,18.9,13.5,6.8,2.1,0.5,0.3,0.3,0.3,0.3,0.3,0.3,0.3,0.3,0.3,0.3,0.3,0.3
2021-05-22,0.3,0.3,0.3,0.3,0.4,0.4,0.4,0.4,0.4,0.4,0.4,0.4,0.4,0.4,1.2,4.3,9.4,15.2,20.1,24.2,27.7,30.4,32.3,34.4,35.4,35.7,35.5,34.8,33.1,30.3,26.9,21.6,14.7,7.5,2.4,0.6,0.3,0.3,0.3,0.3,0.3,0.3,0.3,0.3,0.3,0.3,0.3,0.3
2021-05-23,0.4,0.3,0.4,0.4,0.4,0.4,0.4,0.3,0,0,0,0,0,0,1,4.2,9.6,15.6,20.2,24.4,27.5,30.4,32.4,34.2,34.9,34.8,34.4,34.5,32,29.2,25.2,19.9,13.2,6.2,1.6,0.2,0,0,0,0,0,0,0,0,0,0,0,0
2021-05-24,0,0,0,0,0,0,0,0,0,0,0,0,0,0,0.9,4.2,8.9,13.4,17.8,21.5,24.2,26.4,27.5,27.7,27.7,27.4,26.5,24.4,22.2,20.7,18.4,15.6,10.7,5.4,1.5,0.2,0,0,0,0,0,0,0,0,0,0,0,0
2021-05-25,0,0,0,0,0,0,0,0,0,0,0,0,0,0,0.6,3.3,7.5,11.7,15.9,19.6,22.1,23.9,25.3,26.5,26.6,25.6,24.5,22.5,21.6,17.7,13.4,9.9,7.1,4,1.4,0.3,0,0,0,0,0,0,0,0,0,0,0,0
2021-05-26,0,0,0,0,0,0,0,0,0,0,0,0,0,0,0.7,3.6,8.2,13.7,17.9,21.5,24,26.3,28.3,29,29.4,29.4,29.2,27.7,25.9,23.3,19.7,16.6,11.4,5.7,1.6,0.2,0,0,0,0,0,0,0,0,0,0,0,0
2021-05-27,0,0,0,0,0,0,0,0,0,0,0,0,0,0,0.7,3.6,8.6,13.7,18.2,21.7,24.2,26.3,28.9,29.8,29.2,29,28.6,26.9,24.9,22.9,19.7,16.2,11.2,5.6,1.6,0.2,0,0,0,0,0,0,0,0,0,0,0,0
2021-05-28,0,0,0,0,0,0,0,0,0,0,0,0,0,0,0.8,3.8,8.7,14.1,18.7,22.5,25.8,28.6,29.7,30.9,30.9,30.7,30.3,29.5,28.6,26.4,23.7,19.4,13.4,6.2,1.5,0.2,0,0,0,0,0,0,0,0,0,0,0,0
2021-05-29,0,0,0,0,0,0,0,0,0,0,0,0,0,0,0.9,4,9.2,15.3,20.2,24.2,27.6,30.1,32.2,33.6,33.8,33.7,33.4,33,30.9,28.1,24.9,20,13.7,6.5,1.8,0.3,0,0,0,0,0,0,0,0,0,0,0,0
2021-05-30,0,0,0,0,0,0,0,0,0,0,0,0,0,0,0.7,3.8,9.2,15.8,20.4,23.9,27,29.2,31,32.5,33.1,33.2,32.5,31.6,29.8,28.3,25,20.3,13.7,7.1,1.6,0.3,0,0,0,0,0,0,0,0,0,0,0,0
2021-05-31,0,0,0,0,0,0,0,0,0,0,0,0,0,0,0.6,3.2,8,13.2,17.4,21.3,24.4,26.5,28.3,29.4,29.5,29.1,28.4,27.6,26.1,24,21.5,17.2,11.2,4.9,1.3,0.1,0,0,0,0,0,0,0,0,0,0,0,0
2021-06-01,0,0,0,0,0,0,0,0,0,0,0,0,0,0,0.6,3,6.2,9.4,12.8,15.8,18.1,20.3,22.2,23.9,24.5,24.7,24.2,23.1,21.4,17.9,15.6,12,8,4,1.3,0.2,0,0,0,0,0,0,0,0,0,0,0,0
2021-06-02,0,0,0,0,0,0,0,0,0,0,0,0,0,0,0.5,2.4,5.7,9.7,15,18.4,21.9,24.4,26.2,27,26.9,26.2,25.1,23.6,21.7,19.2,16.7,12.6,8.5,4,1.1,0.2,0,0,0,0,0,0,0,0,0,0,0,0
2021-06-03,0,0,0,0,0,0,0,0,0,0,0,0,0,0,0.2,1.4,3.9,6.1,8.7,11.2,13.7,14.8,15.4,15.6,15.7,15.8,15.6,14.4,12.8,11.5,10.4,7.8,5.3,3,1,0.2,0,0,0,0,0,0,0,0,0,0,0,0
2021-06-04,0,0,0,0,0,0,0,0,0,0,0,0,0,0,0.2,1.6,4.5,8.8,13.4,16.4,19.8,22.3,24,25.4,26.3,25.8,25,23,20.5,18.7,16.2,13.6,9.7,5,1.4,0.2,0,0,0,0,0,0,0,0,0,0,0,0
2021-06-05,0,0,0,0,0,0,0,0,0,0,0,0,0,0,0.6,3.3,8.9,14.9,18.8,22.4,25.8,28.3,30.2,31.1,31.2,31.4,30.5,30.2,27.8,25,21.9,17.1,10.8,5.2,1.4,0.1,0,0,0,0,0,0,0,0,0,0,0,0
2021-06-06,0,0,0,0,0,0,0,0,0,0,0,0,0,0,0.5,2.9,7.5,12.9,17.6,21.8,24.6,27.1,29,30.6,31.2,31.5,31.2,30.2,28.5,25.6,22.5,17.5,11.4,5.6,1.5,0.2,0,0,0,0,0,0,0,0,0,0,0,0
2021-06-07,0,0,0,0,0,0,0,0,0,0,0,0,0,0,0.4,2.6,5.9,10.7,15.2,19.6,22.7,24.8,26.9,27.6,28.5,28.5,27.4,26.2,24.7,22.9,20.6,15.4,9.9,4.5,1,0.1,0,0,0,0,0,0,0,0,0,0,0,0
2021-06-08,0,0,0,0,0,0,0,0,0,0,0,0,0,0,0.4,1.8,4.7,8.1,11.2,13.4,15.8,16.5,16.8,17.9,18.1,18.8,18.8,17.8,16,14.1,11.7,8.6,6.3,2.7,0.9,0.2,0,0,0,0,0,0,0,0,0,0,0,0
2021-06-09,0,0,0,0,0,0,0,0,0,0,0,0,0,0,0.2,1.5,3.8,6.8,10.4,13.5,15.8,17.9,19.9,20.3,20.5,20,19.3,19.3,18.8,16.8,14.2,11.6,8.6,4.1,1.2,0.2,0,0,0,0,0,0,0,0,0,0,0,0
2021-06-10,0,0,0,0,0,0,0,0,0,0,0,0,0,0,0.5,2.7,5.7,8.5,11.1,13.7,16,17.5,18.7,18.9,19.1,19.1,19.7,19.4,18.6,17.5,15.2,11.8,7.6,3.8,1,0.1,0,0,0,0,0,0,0,0,0,0,0,0
2021-06-11,0,0,0,0,0,0,0,0,0,0,0,0,0,0,0.2,2,5,7.8,10.5,14.2,17,19.3,21.2,22.6,23.4,23.8,22.9,21.4,19.8,17.7,16.1,12.8,8.9,4.4,1,0.1,0,0,0,0,0,0,0,0,0,0,0,0
2021-06-12,0,0,0,0,0,0,0,0,0,0,0,0,0,0,0.4,2.5,6,9.7,13.5,16.5,19.1,21.4,23.4,24.9,25.3,25.9,25.2,24.3,22.8,20.5,18.2,13.5,9.1,4.2,0.9,0.1,0,0,0,0,0,0,0,0,0,0,0,0
2021-06-13,0,0,0,0,0,0,0,0,0,0,0,0,0,0,0.3,2.2,5.5,9.1,12.2,15.6,19.2,22,24.6,26.6,27,28.8,28.9,27.5,25.8,23,19.3,14.8,8.8,3.9,0.9,0.1,0,0,0,0,0,0,0,0,0,0,0,0
2021-06-14,0,0,0,0,0,0,0,0,0,0,0,0,0,0,0.2,1.5,4.3,7.4,11.5,15.2,18.5,22.1,24.6,26.1,26.9,27,26.3,25.1,23.2,20.4,16.8,13.3,8.8,3.7,1.1,0.2,0,0,0,0,0,0,0,0,0,0,0,0
2021-06-15,0,0,0,0,0,0,0,0,0,0,0,0,0,0,0.2,1.2,3.3,6,8.8,10.4,11.8,13.1,16,20,22.9,23.1,22.5,20.5,19,16.8,14.9,11.4,7.4,3.3,0.8,0.1,0,0,0,0,0,0,0,0,0,0,0,0
2021-06-16,0,0,0,0,0,0,0,0,0,0,0,0,0,0,0.2,1.4,4,7.3,10.8,14.4,17.5,19.6,21,22.1,21.9,22.4,21.7,20.7,19.2,18,15.4,11.8,8.2,4.1,1.2,0.2,0,0,0,0,0,0,0,0,0,0,0,0
2021-06-17,0,0,0,0,0,0,0,0,0,0,0,0,0,0,0.2,1.5,4.1,8,11.3,14.6,17.9,20.1,22.1,23,23,23.1,22.5,20.9,18.2,16.6,14.3,10.8,7.3,3.7,1,0.1,0,0,0,0,0,0,0,0,0,0,0,0
2021-06-18,0,0,0,0,0,0,0,0,0,0,0,0,0,0,0.4,2.3,5.5,8.7,12,15.1,17.8,20.4,21.6,22.2,23.3,22.8,22.5,22.5,22.6,21,18.2,14.6,9.5,5.1,1.5,0.2,0,0,0,0,0,0,0,0,0,0,0,0
2021-06-19,0,0,0,0,0,0,0,0,0,0,0,0,0,0,0.4,2.8,7.2,12.4,17.3,20.8,23.5,25.6,27,27.2,27,27.4,26.9,25.6,24.2,22,19.7,16.1,11.1,5.6,1.4,0.2,0,0,0,0,0,0,0,0,0,0,0,0
2021-06-20,0,0,0,0,0,0,0,0,0,0,0,0,0,0,0.3,2.4,7,13.6,18.8,22.8,25.7,27.3,28.1,28.5,28.9,29,28.9,28.8,27.4,26.1,23.2,19.3,13.3,6.4,1.7,0.2,0,0,0,0,0,0,0,0,0,0,0,0
2021-06-21,0,0,0,0,0,0,0,0,0,0,0,0,0,0,0.4,2.5,6.8,12.1,16.9,20.8,24,26.1,28,29,29.8,30.2,30,29.1,27.6,25.8,23.1,19.1,13.3,6.5,1.7,0.2,0,0,0,0,0,0,0,0,0,0,0,0
2021-06-22,0,0,0,0,0,0,0,0,0,0,0,0,0,0,0.4,2.1,5.9,9.4,13.4,16.7,19.3,22,23.5,24.3,25,25.1,23.6,22.4,19.5,16.9,14.5,11.6,7.4,3.6,0.9,0.1,0,0,0,0,0,0,0,0,0,0,0,0
2021-06-23,0,0,0,0,0,0,0,0,0,0,0,0,0,0,0.2,1.6,3.9,6.7,8.8,10.9,13.2,14.8,16.1,17.6,18.6,18.4,16.7,15.7,14.7,12.7,11.5,9.3,7,4.1,1.3,0.2,0,0,0,0,0,0,0,0,0,0,0,0
2021-06-24,0,0,0,0,0,0,0,0,0,0,0,0,0,0,0.2,1,2.7,5.6,8.4,11.3,14.1,16.3,18.1,19.2,20.4,20.2,19.6,18.9,16.5,14.4,12.4,9.6,6.8,3.7,1,0.1,0,0,0,0,0,0,0,0,0,0,0,0
2021-06-25,0,0,0,0,0,0,0,0,0,0,0,0,0,0,0.2,1.2,3.5,6.8,9.6,11.6,13.4,14.9,16.5,17.2,17.9,17.6,16.9,16.3,14.6,13.4,11.3,9.2,5.8,2.7,0.9,0.2,0,0,0,0,0,0,0,0,0,0,0,0
2021-06-26,0,0,0,0,0,0,0,0,0,0,0,0,0,0,0.1,0.9,2.7,5.2,8.4,12.2,15.9,18,19.5,20.4,20.9,20.8,20.2,20.1,18.3,16.2,13.3,10.4,7.5,3.8,1.2,0.2,0,0,0,0,0,0,0,0,0,0,0,0
2021-06-27,0,0,0,0,0,0,0,0,0,0,0,0,0,0,0.1,1.5,4.7,8.7,12.8,17.8,21.4,24.3,26.9,28.3,29.4,29.6,29.3,28,26,22.7,19.1,15,10.2,5,1.4,0.2,0,0,0,0,0,0,0,0,0,0,0,0
2021-06-28,0,0,0,0,0,0,0,0,0,0,0,0,0,0,0.3,2.1,5.4,9.1,13.2,17,20.4,23.4,25.1,26,26.6,26.7,26,24.9,23.2,20.5,17.5,14.5,10.1,4.9,1.5,0.2,0.1,0,0,0,0,0,0,0,0,0,0,0
2021-06-29,0,0,0,0,0,0,0,0,0,0,0,0,0,0,0.2,1.4,4.8,9.4,13.7,17.3,20.5,22.7,24.2,25.5,25.7,25.7,25.8,25.7,24.3,22.2,20,15.8,10.8,5.2,1.4,0.2,0,0,0,0,0,0,0,0,0,0,0,0
2021-06-30,0,0,0,0,0,0,0,0,0,0,0,0,0,0,0.2,1.4,3.7,6.5,10,14,17.8,20.7,22.9,24.2,25.5,26.1,25.8,25.5,24.2,21.2,18.1,14.3,9.3,4.5,1.1,0.1,0,0,0,0,0,0,0,0,0,0,0,0
2021-07-01,0,0,0,0,0,0,0,0,0,0,0,0,0,0,0.1,1.3,3.4,6.7,9.9,12.8,16,18.1,18.9,20.4,20.7,21.1,20,18.9,16.9,14.8,12.9,10.6,7.5,4,1.3,0.2,0,0,0,0,0,0,0,0,0,0,0,0
2021-07-02,0,0,0,0,0,0,0,0,0,0,0,0,0,0,0.1,0.7,2.4,4.7,7,9.7,11.8,14.7,17.6,20.1,21.2,21.2,20.5,19.9,18.5,16.4,15,11.8,8.2,4.2,1.3,0.2,0,0,0,0,0,0,0,0,0,0,0,0
2021-07-03,0,0,0,0,0,0,0,0,0,0,0,0,0,0,0.1,0.8,2.8,5.6,9.6,12.3,15,17,18.3,19.4,20.3,20.4,19.8,18.8,18.1,16.4,14.6,12.5,8.9,5.1,1.7,0.3,0,0,0,0,0,0,0,0,0,0,0,0
2021-07-04,0,0,0,0,0,0,0,0,0,0,0,0,0,0,0.2,2.1,6.3,12.4,17,20.5,23.9,26.2,27.8,28.5,28.4,28.2,27.9,27.4,25.7,24,21.3,17.4,12.8,6.6,2.1,0.3,0,0,0,0,0,0,0,0,0,0,0,0
2021-07-05,0,0,0,0,0,0,0,0,0,0,0,0,0,0,0.3,2.2,5.4,9,12.9,16.4,19.7,23.1,25.5,27.1,27.1,27,26.5,25.3,22.7,21.4,18.5,14.8,10.9,5.6,1.6,0.2,0,0,0,0,0,0,0,0,0,0,0,0
2021-07-06,0,0,0,0,0,0,0,0,0,0,0,0,0,0,0.2,1.7,4.2,7,9.9,13.2,16,19,21.1,23,23.9,24.2,23.9,23.4,22.1,19.6,17.2,14.7,10.3,5.4,1.7,0.3,0,0,0,0,0,0,0,0,0,0,0,0
2021-07-07,0,0,0,0,0,0,0,0,0,0,0,0,0,0,0.2,1.9,5.6,9.9,14,17.8,21,23.4,25.9,27.8,28.9,29.4,28.6,26.5,25,22.9,19.3,15.9,11.3,6.1,1.9,0.3,0,0,0,0,0,0,0,0,0,0,0,0
2021-07-08,0,0,0,0,0,0,0,0,0,0,0,0,0,0,0.2,1.5,4,7.5,11.3,14.4,17.4,20.4,22.4,23.6,24.4,24.4,23.1,21.8,20,17.1,13.8,10.4,7.2,3.9,1.4,0.2,0,0,0,0,0,0,0,0,0,0,0,0
2021-07-09,0,0,0,0,0,0,0,0,0,0,0,0,0,0,0,0.5,1.9,4.4,6.2,8.4,11.1,14,15.4,16.3,16.8,18.1,19.3,20.1,19.1,18.1,16.4,14,10.5,5.7,2.1,0.4,0,0,0,0,0,0,0,0,0,0,0,0
2021-07-10,0,0,0,0,0,0,0,0,0,0,0,0,0,0,0.4,2.9,7.4,12.3,16.2,19.4,22.3,24.6,26.1,27.1,27.8,28.9,30,29.5,28.2,26.2,23.8,19.7,14.3,7.9,2.3,0.4,0,0,0,0,0,0,0,0,0,0,0,0
2021-07-11,0,0,0,0,0,0,0,0,0,0,0,0,0,0,0.4,2.9,7.4,12.5,17.2,20.9,24.1,26.5,28.1,29.7,30.5,30.5,29.4,27.6,25.4,22.4,19.9,16.2,11.6,6.5,2.2,0.4,0,0,0,0,0,0,0,0,0,0,0,0
2021-07-12,0,0,0,0,0,0,0,0,0,0,0,0,0,0,0.3,2.2,5.8,9.4,12.9,16.4,19.2,21.9,23.4,24.8,26.2,26.1,26.2,25.6,23.3,21.2,18.1,14.9,11.1,6.3,2.1,0.3,0,0,0,0,0,0,0,0,0,0,0,0
2021-07-13,0,0,0,0,0,0,0,0,0,0,0,0,0,0,0.3,2,5.8,10.4,14.6,17.9,20.9,23.6,25.5,26.3,26.7,26.4,26.3,24.9,23,22,19.3,15.4,10.5,5.6,1.9,0.2,0,0,0,0,0,0,0,0,0,0,0,0
2021-07-14,0,0,0,0,0,0,0,0,0,0,0,0,0,0,0.2,1.2,2.8,5.2,7,9.7,11.5,13.3,14.9,15.3,16.2,15.8,16.6,17.1,16.1,15.7,14.6,12.7,9.4,5.8,1.8,0.2,0,0,0,0,0,0,0,0,0,0,0,0
2021-07-15,0,0,0,0,0,0,0,0,0,0,0,0,0,0,0.2,1,3,6.4,9.8,13.4,16.8,19.3,21.5,23.1,24,24.5,24,23.3,22.6,20.6,19.7,16,10.8,6.2,2,0.5,0,0,0,0,0,0,0,0,0,0,0,0
2021-07-16,0,0,0,0,0,0,0,0,0,0,0,0,0,0,0.2,1.6,4.4,8,11.4,14.4,16.6,17.9,18.7,20.8,21,18.7,19.2,18.5,17.6,15.8,14.6,12.3,9.2,5.6,1.9,0.3,0,0,0,0,0,0,0,0,0,0,0,0
2021-07-17,0,0,0,0,0,0,0,0,0,0,0,0,0,0,0.4,3,7.5,12.2,15.7,18.5,21.5,23.1,24.2,24.9,25.6,26,26.5,25.5,24.3,23.2,20.5,16.7,11.8,7.2,2.5,0.4,0,0,0,0,0,0,0,0,0,0,0,0
2021-07-18,0,0,0,0,0,0,0,0,0,0,0,0,0,0,0.5,3.4,8.3,13.5,17.8,21.9,25.6,28.3,30.1,31,31.6,31.8,31.4,30.4,28.1,25.2,21.7,17.7,12.5,6.7,2.1,0.3,0,0,0,0,0,0,0,0,0,0,0,0
2021-07-19,0,0,0,0,0,0,0,0,0,0,0,0,0,0,0.4,2.3,5.6,9.8,13.5,17.3,20.1,22.2,23.3,24,24.4,24.8,24.8,23.7,22.3,20.6,18.4,15.3,11.8,7,2.6,0.5,0,0,0,0,0,0,0,0,0,0,0,0
2021-07-20,0,0,0,0,0,0,0,0,0,0,0,0,0,0,0.4,2.6,6,9.8,12.8,15.3,17.5,19.1,20.5,21.2,21.2,20.8,20.4,19.3,17.9,16.7,15.3,13.2,10.2,6.5,2.9,0.5,0,0,0,0,0,0,0,0,0,0,0,0
2021-07-21,0,0,0,0,0,0,0,0,0,0,0,0,0,0,0.4,2.5,6.4,10.9,15.5,19.6,23.4,26.3,28.4,29,29.3,29.6,28.8,28,27,25.7,23,19.3,14.3,7.9,2.6,0.3,0,0,0,0,0,0,0,0,0,0,0,0
2021-07-22,0,0,0,0,0,0,0,0,0,0,0,0,0,0,0.4,2.9,6.8,10.6,15.9,19,21.3,23.2,24.6,25.8,25.7,25.8,25.1,24.6,23.4,21.2,18.6,14.2,10,5.8,1.8,0.2,0,0,0,0,0,0,0,0,0,0,0,0
2021-07-23,0,0,0,0,0,0,0,0,0,0,0,0,0,0,0.3,1.8,4.2,6.3,8.7,11.6,13.5,16,18.2,19.7,20.3,19,17.3,15.3,13.7,13.3,11.9,10.1,7.8,4.8,2,0.4,0,0,0,0,0,0,0,0,0,0,0,0
2021-07-24,0,0,0,0,0,0,0,0,0,0,0,0,0,0,0.3,2.5,6.3,10.5,14,16.9,20,22.6,24.1,24.6,25.7,25.6,24.5,24.2,23.4,21.2,18.7,15.6,11.6,6.8,2.7,0.6,0.1,0,0,0,0,0,0,0,0,0,0,0
2021-07-25,0,0,0,0,0,0,0,0,0,0,0,0,0,0,0.6,3.7,9,14.9,19.3,22.8,25.1,27.1,28.8,29.7,30.2,29.6,28.8,27.5,25.7,23.7,21.2,17.4,12.9,7.7,2.9,0.5,0.1,0,0,0,0,0,0,0,0,0,0,0
2021-07-26,0,0,0,0,0,0,0,0,0,0,0,0,0,0,0.6,3.2,7,11.2,14.9,18.2,21.2,23.6,25.9,26.9,27.8,27.3,26.2,25.2,24.2,22.6,20.2,17,12.8,8.5,3.7,0.7,0.1,0,0,0,0,0,0,0,0,0,0,0
2021-07-27,0,0,0,0,0,0,0,0,0,0,0,0,0,0,0.5,3.1,8.1,13.2,18.1,23,26.5,28.9,30.7,32,31.8,31.2,29.8,28.8,27.1,25.6,23.8,20.4,15.6,9.6,3.2,0.4,0,0,0,0,0,0,0,0,0,0,0,0
2021-07-28,0,0,0,0,0,0,0,0,0,0,0,0,0,0,0.6,3.2,6.6,10.1,14.4,18.6,21.3,24.1,27,29.3,30.2,30,29.8,28.4,25.5,22.4,20,16.7,12.7,7.9,3.6,0.7,0.1,0,0,0,0,0,0,0,0,0,0,0
2021-07-29,0,0,0,0,0,0,0,0,0,0,0,0,0,0,0.3,2,6.3,12.6,17.8,23.3,27.9,31.5,33.9,35.6,36.2,36.7,36.3,35,33.6,31.2,28.7,24.7,19,11.7,4.7,0.9,0.1,0,0,0,0,0,0,0,0,0,0,0
2021-07-30,0,0,0,0,0,0,0,0,0,0,0,0,0,0,0.6,3.4,8.3,13.7,18.4,22.5,25.6,28.1,30.2,31.6,32.8,33.1,32.4,31.1,28.2,25.2,22.1,18.6,14.1,8.4,3.5,0.8,0.1,0,0,0,0,0,0,0,0,0,0,0
2021-07-31,0,0,0,0,0,0,0,0,0,0,0,0,0,0,0.7,3.5,8.2,13.5,18.2,22.7,26.2,28.5,30.1,31.8,32.9,33,32.5,32.1,31.2,29.5,27.1,22.1,17,9.3,3,0.4,0,0,0,0,0,0,0,0,0,0,0,0
2021-08-01,0,0,0,0,0,0,0,0,0,0,0,0,0,0,0.7,3.9,9.2,14.7,20,25.2,28.5,31.4,34.2,35.3,35.5,35.2,33.9,33.7,32.1,30.4,28.5,24.3,18.5,11.4,5,1.1,0.1,0,0,0,0,0,0,0,0,0,0,0
2021-08-02,0,0,0,0,0,0,0,0,0,0,0,0,0,0,0.6,3.6,9,15.3,20.5,24.3,27.1,29.5,31.4,32.3,31.9,31.4,31.1,30.4,29.1,27.7,25.2,21.3,16.2,10.9,4.2,0.7,0.1,0,0,0,0,0,0,0,0,0,0,0
2021-08-03,0,0,0,0,0,0,0,0,0,0,0,0,0,0,0.5,2.5,6,9.9,14.3,18.3,22.7,25.5,27.2,27.7,28.7,27.8,27.3,27.9,27,24.2,21.4,17.8,13.4,8.6,4,0.9,0.1,0,0,0,0,0,0,0,0,0,0,0
2021-08-04,0,0,0,0,0,0,0,0,0,0,0,0,0,0,0.8,3.8,7.9,12.5,16.6,20.9,23.9,26.6,28.6,29.9,31.2,32.1,31.7,30.5,28.3,26,23.2,19.7,14.8,9.3,3.7,0.7,0.1,0,0,0,0,0,0,0,0,0,0,0
2021-08-05,0,0,0,0,0,0,0,0,0,0,0,0,0,0,1,4.2,8.9,13.3,17.6,21.7,25.3,28.3,30.5,31.1,31.7,31.7,31,30.5,29,27.1,24.6,20.8,15.7,9.5,4,0.8,0.1,0,0,0,0,0,0,0,0,0,0,0
2021-08-06,0,0,0,0,0,0,0,0,0,0,0,0,0,0,1,4.3,8.7,13,17.5,21.2,24,26.8,28.8,30.1,30.5,30.3,29.6,28.1,26.3,23.7,20.8,16.8,12.1,7.4,2.8,0.6,0.1,0,0,0,0,0,0,0,0,0,0,0
2021-08-07,0,0,0,0,0,0,0,0,0,0,0,0,0,0,1.1,4.3,8.6,12.8,17.1,20.9,24.5,27.8,30.3,31.9,32.2,32.4,32.8,32.5,32,29.6,25.7,21.3,16.8,10.4,4.7,1.2,0.2,0,0,0,0,0,0,0,0,0,0,0
2021-08-08,0,0,0,0,0,0,0,0,0,0,0,0,0,0,1.5,6.3,12.8,18.5,23.1,26.4,29.8,32.7,34.4,34.8,34.5,33.1,31.9,30.3,28.6,26.8,24.3,20.9,16.5,10.7,5,1.3,0.2,0,0,0,0,0,0,0,0,0,0,0
2021-08-09,0,0,0,0,0,0,0,0,0,0,0,0,0,0,0.8,3.7,7.6,11.4,15.3,18.3,21.7,24.2,25.7,26.6,27.4,28.1,28,28.4,27.2,26.2,23.8,20,16,10.9,5.6,1.4,0.2,0,0,0,0,0,0,0,0,0,0,0
2021-08-10,0,0,0,0,0,0,0,0,0,0,0,0,0,0,0.8,3.9,9,14.1,18.6,22.9,26.4,29.7,31.4,31.8,31.7,30.7,30.5,30,28.2,25.9,23.5,19.5,15.7,10.4,4.8,1,0.1,0,0,0,0,0,0,0,0,0,0,0
2021-08-11,0,0,0,0,0,0,0,0,0,0,0,0,0,0,0.9,4.2,9.2,13.5,17.8,20.8,23,24.7,26.5,26.7,27.1,26.6,25.9,26.3,24.3,22,19.4,16.1,11.9,7.2,3.4,0.9,0.2,0,0,0,0,0,0,0,0,0,0,0
2021-08-12,0,0,0,0,0,0,0,0,0,0,0,0,0,0,1,4.7,9.6,14.4,19.6,24.2,28.1,31.3,33.4,34.8,35.7,35.8,35.1,33.8,32.7,30.8,27.1,23.8,19,12.9,5.2,1.2,0.2,0,0,0,0,0,0,0,0,0,0,0
2021-08-13,0,0,0,0,0,0,0,0,0,0,0,0,0,0,1.3,5,10.3,15.9,21.7,26.3,29.7,32.1,33.3,34.5,36,36.3,37,36,33.5,30.7,28.6,25.5,20.2,13.9,6.5,1.7,0.2,0,0,0,0,0,0,0,0,0,0,0
2021-08-14,0,0,0,0,0,0,0,0,0,0,0,0,0,0.1,1.4,6.1,12.8,19,24.3,29.5,33.4,35.9,37.9,39.2,39.1,38.7,38,37.6,36.4,34.7,31.5,27.4,21.9,14.9,7.1,1.8,0.2,0,0,0,0,0,0,0,0,0,0,0
2021-08-15,0,0,0,0,0,0,0,0,0,0,0,0,0,0.1,1.8,6.4,11.7,17.4,23.2,28.6,32.2,35.5,37.3,38,37,36.7,35.4,34.8,34.4,32.4,29,24.3,19.8,13.8,7.1,1.8,0.3,0,0,0,0,0,0,0,0,0,0,0
2021-08-16,0,0,0,0,0,0,0,0,0,0,0,0,0,0.1,1.4,5.7,11.4,16.9,21.3,24.7,27.4,29.3,31.8,32.4,32.4,33,32.1,31.9,30.1,28.2,25.2,21.8,17.6,12,5.9,1.6,0.3,0,0,0,0,0,0,0,0,0,0,0
2021-08-17,0,0,0,0,0,0,0,0,0,0,0,0,0,0.1,1.9,6.4,11.9,17,22.4,26.7,29.1,31,32.2,33.4,34.2,34.2,33.9,33.3,33.1,31.3,28.6,25.7,19.5,13.1,6.3,1.7,0.3,0,0,0,0,0,0,0,0,0,0,0
2021-08-18,0,0,0,0,0,0,0,0,0,0,0,0,0,0.1,1.8,6.4,12.6,18.4,22.9,26.4,29.6,31.9,32.9,33.1,32.8,32.3,32,31.4,29.8,28.4,27.8,24.3,20.2,14.4,7.3,1.9,0.3,0,0,0,0,0,0,0,0,0,0,0
2021-08-19,0,0,0,0,0,0,0,0,0,0,0,0,0,0.1,1.8,6.9,13.9,19.7,23.1,25.6,30.1,32.6,33.4,34.9,35.6,35.2,33.9,32.5,31.1,30.5,27.9,23.8,18.4,12.6,6.4,1.6,0.2,0,0,0,0,0,0,0,0,0,0,0
2021-08-20,0,0,0,0,0,0,0,0,0,0,0,0,0,0.1,2.2,6.5,11.3,15.8,19.6,22.8,24.9,26.5,28.3,30.4,31.7,31.6,30.3,30,28.3,27.7,25.3,22.2,17.5,11.4,5.5,1.6,0.3,0,0,0,0,0,0,0,0,0,0,0
2021-08-21,0,0,0,0,0,0,0,0,0,0,0,0,0,0.2,2,7.6,14.5,20.3,25.5,29.6,32.4,35.8,37.6,38.4,39.5,39.9,39.7,39.5,37.8,36,33.6,29.3,24.2,16.8,8.8,2.5,0.4,0,0,0,0,0,0,0,0,0,0,0
2021-08-22,0,0,0,0,0,0,0,0,0,0,0,0,0,0.2,2.9,10.4,18.4,23.3,28.7,33.1,36.5,38.8,39.8,40.6,41.2,41.2,41,39.9,37.8,35.5,32.1,28.2,22.5,14.9,8.2,2,0.2,0,0,0,0,0,0,0,0,0,0,0
2021-08-23,0,0,0,0,0,0,0,0,0,0,0,0,0,0.2,2.2,5.9,10.3,14.7,18.9,22.9,25.7,27,27.3,27.3,27.4,27.3,26.1,26.6,25,22.8,20.3,18.4,14.1,9.4,5.1,1.7,0.4,0,0,0,0,0,0,0,0,0,0,0
2021-08-24,0,0,0,0,0,0,0,0,0,0,0,0,0,0.1,1.5,4.2,8.1,10.5,13.3,17.3,20.5,23,24.7,27,28.7,29.3,29.2,28.8,27.3,26.5,24.2,20.9,17.3,12.6,6.6,1.9,0.3,0,0,0,0,0,0,0,0,0,0,0
2021-08-25,0,0,0,0,0,0,0,0,0,0,0,0,0,0.3,2.9,9,14.7,19.7,24.6,27.9,29.9,30.5,29.9,30.6,32.3,32.3,31.5,31.5,30.9,30.1,28.5,25.8,21.9,15.8,8,2.4,0.4,0,0,0,0,0,0,0,0,0,0,0
2021-08-26,0,0,0,0,0,0,0,0,0,0,0,0,0,0.3,2.7,8,14.8,20.5,25.8,30.1,33.2,35.8,36.5,37.4,37.6,37.3,36.7,35.4,34.3,32,29.2,26.2,21.6,14.7,7.6,2.3,0.4,0,0,0,0,0,0,0,0,0,0,0
2021-08-27,0,0,0,0,0,0,0,0,0,0,0,0,0,0.4,3,7.8,13.2,18.9,24.5,29.2,33.2,36.5,38.4,38.5,37.3,36.6,35.4,34.3,33.3,31.2,28.3,25.4,21.6,15.7,8.7,2.7,0.4,0,0,0,0,0,0,0,0,0,0,0
2021-08-28,0,0,0,0,0,0,0,0,0,0,0,0,0,0.4,3.6,10.5,17.5,23.1,28,31.6,34.8,37.6,38.8,39.4,39.4,39.5,40.1,39.3,38,35.5,33.1,28.7,22.2,14.7,7.2,1.8,0.2,0,0,0,0,0,0,0,0,0,0,0
2021-08-29,0,0,0,0,0,0,0,0,0,0,0,0,0,0.4,3.1,8.6,14.5,18.5,21.1,23.7,27,30.3,32.8,35.3,35,35,34.8,33,30.6,29.7,27.4,24.9,20.6,15.8,8.7,2.6,0.4,0,0,0,0,0,0,0,0,0,0,0
2021-08-30,0,0,0,0,0,0,0,0,0,0,0,0,0,0.5,3.3,8.1,13.1,18.7,23.9,28.8,32.7,35.1,37.7,39.2,40.2,40.7,40,38.9,36,33.5,30,25.7,20.5,14.8,8.4,2.7,0.4,0.1,0,0,0,0,0,0,0,0,0,0
2021-08-31,0,0,0,0,0,0,0,0,0,0,0,0,0,0.2,2.4,6.6,12.1,15.9,20,23.6,26.4,28.3,30.7,32.9,35,36.8,36.5,36.1,34.3,32.9,30.3,26,21.8,15.6,8.4,2.5,0.5,0,0,0,0,0,0,0,0,0,0,0
2021-09-01,0,0,0,0,0,0,0,0,0,0,0,0,0,0.5,3.8,10.4,17.5,23.7,29.2,34.4,38.3,41.4,43.3,44.3,44.6,44.5,43.7,43.4,41.9,39.5,35.6,31.7,25.9,18.6,10.4,3.4,0.6,0.1,0,0,0,0,0,0,0,0,0,0
2021-09-02,0,0,0,0,0,0,0,0,0,0,0,0,0,0.5,4,11.2,17.6,23,27.4,30.6,33.6,36.1,37.6,39,39.7,40.6,40.5,40,38.5,36.5,33.7,29.6,23.2,15.8,8.3,2.4,0.3,0,0,0,0,0,0,0,0,0,0,0
2021-09-03,0,0,0,0,0,0,0,0,0,0,0,0,0,0.5,3.6,8.8,14.7,19.4,23.3,26.3,29,30.5,31.7,32.7,32.9,32.9,32.2,31.3,29.7,28.1,25.7,21,16.2,10.6,5.1,2.1,0.5,0.1,0,0,0,0,0,0,0,0,0,0
2021-09-04,0,0,0,0,0,0,0,0,0,0,0,0,0,0.6,3.6,8.7,14.1,19.5,22.3,26.2,28.1,29.1,30.7,31.7,31.7,32.5,31.4,29.1,29.1,27,24.7,21.3,17.2,12.6,7.8,2.8,0.6,0.1,0,0,0,0,0,0,0,0,0,0
2021-09-05,0,0,0,0,0,0,0,0,0,0,0,0,0,0.6,3.9,9.8,15.2,21.3,26.1,29.9,33.4,35.9,36.9,36.9,36.4,36.5,36.6,34.2,30.8,28.2,25.4,22,17.3,12.4,7.3,2.8,0.6,0.1,0,0,0,0,0,0,0,0,0,0
2021-09-06,0,0,0,0,0,0,0,0,0,0,0,0,0,0.7,4.9,11.5,19,25.3,30.3,34.4,37.3,39.8,41.7,42.8,43.6,44.2,44.3,43.9,43.1,41.6,38.3,33.9,28.2,20.9,11.4,3.7,0.6,0.1,0,0,0,0,0,0,0,0,0,0
2021-09-07,0,0,0,0,0,0,0,0,0,0,0,0,0,1.2,6.2,13.6,20.5,26.2,30.3,33.5,37.1,39.2,41,40.8,41.1,41.2,40.7,40.1,39.7,38.2,36,32.5,26.9,20.1,11.1,3.9,0.7,0.1,0,0,0,0,0,0,0,0,0,0
2021-09-08,0,0,0,0,0,0,0,0,0,0,0,0,0,1,6,14.6,22.5,28.7,33.8,38.9,42.2,44.5,45.7,46.3,46.4,46.2,45.6,44.7,43.4,41.9,39.9,35.7,30.1,22.8,13.1,4.5,0.8,0.1,0,0,0,0,0,0,0,0,0,0
2021-09-09,0,0,0,0,0,0,0,0,0,0,0,0,0,1.1,5.7,13.1,20.1,26,30.1,34.2,37.7,38.9,40.4,41.7,42.6,42.7,41.9,40.9,39.9,38.1,35.7,32.2,27.3,21.1,12.8,4.7,0.9,0.1,0,0,0,0,0,0,0,0,0,0
2021-09-10,0,0,0,0,0,0,0,0,0,0,0,0,0,1.6,7.1,15.8,22.3,27,30,33.7,36.2,38.2,39.4,40.4,41.2,42.3,42.3,41.8,40.5,38.5,36,32.3,26.7,20.2,12.3,4.6,0.9,0.1,0,0,0,0,0,0,0,0,0,0
2021-09-11,0,0,0,0,0,0,0,0,0,0,0,0,0.1,2.1,9.3,17.1,24,29.2,32.8,35.9,37.8,39.6,39.8,40.9,40.7,40.5,40.4,39.6,37.4,36,34.7,31.3,27,19.9,11.7,4.1,0.7,0.1,0,0,0,0,0,0,0,0,0,0
2021-09-12,0,0,0,0,0,0,0,0,0,0,0,0,0.1,1.8,7.5,14.6,20.7,26.2,31.3,33.8,35.6,37.3,38,38.9,38.7,37.9,37.9,37.8,36.7,35.5,31.7,27.9,22.7,15.3,8.3,3.1,0.6,0.1,0,0,0,0,0,0,0,0,0,0
2021-09-13,0,0,0,0,0,0,0,0,0,0,0,0,0.1,1.7,6.8,13.8,20.3,26,31.5,35.2,37.2,37.2,37.6,38.2,38.2,36.6,35,33,30.4,29.3,26.4,24.5,21.6,17.2,10.1,4.1,0.9,0.1,0,0,0,0,0,0,0,0,0,0
2021-09-14,0,0,0,0,0,0,0,0,0,0,0,0,0.1,1.9,8.4,16.6,23.2,28,32,36.6,39.1,40.3,40.9,40.9,40,39.9,40.6,39.9,38,37.1,35.4,31.2,26.3,20.4,12.5,4.7,1,0.1,0,0,0,0,0,0,0,0,0,0
2021-09-15,0,0,0,0,0,0,0,0,0,0,0,0,0.1,2.3,8.4,15.3,21.2,27.9,32.8,37.1,40.8,42.8,43.7,43.7,44.2,45,44.2,42.6,41.4,39.5,36.4,32.4,27.7,21.5,13.1,5,0.9,0.1,0,0,0,0,0,0,0,0,0,0
2021-09-16,0,0,0,0,0,0,0,0,0,0,0,0,0.1,2.6,9,16.9,23.1,28.2,32.4,35.5,38.4,40.1,41.2,41.6,41.9,41.2,41.5,40.8,40.9,38.5,35.2,31.9,27.4,21.9,13.6,5,0.8,0.1,0,0,0,0,0,0,0,0,0,0
2021-09-17,0,0,0,0,0,0,0,0,0,0,0,0,0.2,2.7,8.4,14.5,20.1,24.9,29.9,34,35.7,37,37.3,36.9,37,36.4,34.9,33.4,33.3,32,29.2,26.9,21.7,13.6,8.5,3.6,0.9,0.1,0,0,0,0,0,0,0,0,0,0
2021-09-18,0,0,0,0,0,0,0,0,0,0,0,0,0.2,2.6,8,14.6,19,22.2,26.2,28.6,31.1,32.7,33.4,34.4,34.3,34.1,33.3,31.9,30.3,29,27.9,24.2,21.3,17.5,11.2,5,1.2,0.2,0,0,0,0,0,0,0,0,0,0
2021-09-19,0,0,0,0,0,0,0,0,0,0,0,0,0.2,3.2,9.7,16.8,23.3,28,31.9,35.2,36.8,38.1,38.9,40.1,40.5,41,40.7,39.7,39,36.4,32.9,29.5,24.4,18.3,10.7,4.2,0.8,0.1,0,0,0,0,0,0,0,0,0,0
2021-09-20,0,0,0,0,0,0,0,0,0,0,0,0,0.2,2.5,6.8,12.4,17.1,20.9,25.2,29.2,31.5,33.4,34.7,36,35.9,35.6,34.1,32.9,31.9,29.3,25.4,21.5,17.4,12.7,8,3.5,0.8,0.1,0,0,0,0,0,0,0,0,0,0
2021-09-21,0,0,0,0,0,0,0,0,0,0,0,0,0.2,2.7,8,14.6,18.7,22.3,26.1,29.2,32.3,32.9,33.1,34.6,34.6,34.2,34.1,33.6,33.6,31.8,28.8,24.9,21.2,17.1,11,4.7,0.9,0.1,0,0,0,0,0,0,0,0,0,0
2021-09-22,0,0,0,0,0,0,0,0,0,0,0,0,0.3,3.7,10.6,16.9,21.7,25.7,30.1,34.2,36.2,37.7,37.4,38.5,39.3,39.9,39.6,38.6,37.7,36,33,30.2,26,19.1,12,5.3,1.2,0.1,0,0,0,0,0,0,0,0,0,0
2021-09-23,0,0,0,0,0,0,0,0,0,0,0,0,0.3,3.8,10.4,17,22.3,27.8,32.2,37,39.9,42.4,44.2,45.9,46.9,46.7,46.5,45.1,43.5,41.7,38.6,35.2,29.6,23.6,15.9,6.9,1.6,0.2,0,0,0,0,0,0,0,0,0,0
2021-09-24,0,0,0,0,0,0,0,0,0,0,0,0,0.4,4.4,12.8,20.8,26.3,31.9,36.1,38.6,40.8,41.5,42.3,41.3,41.5,42.1,42.8,42.6,41,39,35.7,31.5,26.2,20.3,13.7,6.3,1.4,0.2,0,0,0,0,0,0,0,0,0,0
2021-09-25,0,0,0,0,0,0,0,0,0,0,0,0,0.6,5.5,14.9,23.3,29.1,34.3,38,41,42.8,43.2,44.3,45.3,44.9,45.5,45.1,44.7,43,41.2,37.9,33.2,28.4,21.9,14.4,6.6,1.6,0.3,0,0,0,0,0,0,0,0,0,0
2021-09-26,0,0,0,0,0,0,0,0,0,0,0,0,0.6,5.5,13.6,20.5,26.4,32.5,35.7,37.7,39.2,40.5,43,44.5,44.5,45.2,44.9,44.7,42.9,40.4,39.3,35.4,29.7,24,15.8,7,1.7,0.2,0,0,0,0,0,0,0,0,0,0
2021-09-27,0,0,0,0,0,0,0,0,0,0,0,0,0.4,4.3,10.4,15.5,19.9,24.6,30.7,35.2,36.4,36.8,37,37.7,38.9,38.4,37.2,35.3,34.5,32.3,30.5,28.8,24.9,18.7,12.3,5.8,1.3,0.2,0,0,0,0,0,0,0,0,0,0
2021-09-28,0,0,0,0,0,0,0,0,0,0,0,0,0.5,4,10.4,16.8,21.3,24.8,28,31.3,33.6,35.5,36.1,35.6,36.4,35.9,35.8,33.7,30.9,27.9,26.1,22.9,17.7,13.7,8.7,4.2,1.2,0.2,0,0,0,0,0,0,0,0,0,0
2021-09-29,0,0,0,0,0,0,0,0,0,0,0,0,0.4,2.2,5.3,9.2,12.9,15.8,17.3,18.5,19.9,21.9,24.4,25.3,25.9,25.3,24.5,23.1,20.4,18,15.5,13.1,10.6,7.8,4.8,2.4,0.8,0.2,0,0,0,0,0,0,0,0,0,0
2021-09-30,0,0,0,0,0,0,0,0,0,0,0,0,0.3,2.7,6.8,10.6,13.8,18.9,21.7,23.4,27.1,27.7,27.6,28.6,28.6,28.5,28,26.8,26.7,24.2,21.7,17.8,14.4,11,7.4,3.5,0.8,0.2,0,0,0,0,0,0,0,0,0,0
2021-10-01,0,0,0,0,0,0,0,0,0,0,0,0,0.5,3.1,6.5,9.8,13,15.3,18.9,22,26.4,28,29.1,30.2,30.6,31.9,33.8,33.9,33.2,30.6,28.3,24.4,20.8,15.3,9.1,4.4,1.5,0.3,0,0,0,0,0,0,0,0,0,0
2021-10-02,0,0,0,0,0,0,0,0,0,0,0,0,0.8,4.7,10.1,14.9,21.1,25.4,29.4,33.4,36,38.3,39.1,39,38.1,38.3,38.5,38.7,37.6,36,34.8,33,28.5,23.3,15.3,6.7,1.5,0.2,0,0,0,0,0,0,0,0,0,0
2021-10-03,0,0,0,0,0,0,0,0,0,0,0,0,0,0,1.5,7.2,14.2,20.8,27.2,31.4,35.7,38.7,40.4,41.3,41.2,42.4,42.9,43.5,42.8,40.7,40.1,38.8,36.6,31.3,25.8,20.1,12.1,6,1.8,0.3,0,0,0,0,0,0,0,0
2021-10-04,0,0,0,0,0,0,0,0,0,0,0,0,0,0,1.1,6.6,14.7,21.7,27.4,30.3,32.9,35,36.1,37.1,37.1,38.1,38.7,38.7,38.3,37.2,36.7,36.9,34.5,30.9,26.8,20.3,14,6.1,1.6,0.3,0,0,0,0,0,0,0,0
2021-10-05,0,0,0,0,0,0,0,0,0,0,0,0,0,0,1.5,7,13.8,19.1,22.8,27.3,31.7,34.8,36.6,39.4,41,41.5,42,42.4,41.8,41.2,40.7,39.9,38.3,36.1,31.8,25.1,17.2,8.6,2.4,0.4,0,0,0,0,0,0,0,0
2021-10-06,0,0,0,0,0,0,0,0,0,0,0,0,0,0.1,1.8,8.4,17.5,25.2,31.2,35.2,40,42.9,44.8,45.7,45.9,46,46,45.8,45,44.8,43.5,41.6,37.4,32.2,27.1,21,13.1,5.2,1.2,0.2,0,0,0,0,0,0,0,0
2021-10-07,0,0,0,0,0,0,0,0,0,0,0,0,0,0.1,1.4,7.2,15.4,22.1,27,31.4,35.6,38.8,41,42.3,42.7,44,44.2,44.7,44,43.1,41,37.8,34.4,31.4,28,22.1,15.6,8.3,2.7,0.5,0,0,0,0,0,0,0,0
2021-10-08,0,0,0,0,0,0,0,0,0,0,0,0,0,0.1,1.9,8.3,17.2,23.8,29.2,33.9,37.9,40.4,42.3,43.4,44.2,45.4,45.2,46,45.2,44.7,44.1,42.7,40.4,37,31.4,25.4,17.7,8.9,2.8,0.5,0,0,0,0,0,0,0,0
2021-10-09,0,0,0,0,0,0,0,0,0,0,0,0,0,0.1,2.4,10.2,19.6,26.1,31.6,35.7,38.5,40,41.2,42.5,42.9,43,43.3,43.7,43.1,42.4,41.1,39.3,37,32.9,27.7,21.4,13.6,6.3,1.6,0.3,0,0,0,0,0,0,0,0
2021-10-10,0,0,0,0,0,0,0,0,0,0,0,0,0,0.1,2.2,7.5,13.5,19.7,24.4,29.8,34,37.2,37.3,37.6,39,39.9,40.5,39.6,38.3,36.8,34.9,32.6,30.6,27.3,23.7,18.9,13.6,7.4,2.7,0.6,0.1,0,0,0,0,0,0,0
2021-10-11,0,0,0,0,0,0,0,0,0,0,0,0,0,0.1,1.5,6.8,13.8,19.2,23.4,26.9,29.2,32.4,34.9,36.6,37.6,38.4,38.2,36.7,35.4,35,33.6,30.5,27.7,25.6,22.1,17,11.9,7,2.6,0.5,0.1,0,0,0,0,0,0,0
2021-10-12,0,0,0,0,0,0,0,0,0,0,0,0,0,0,0.9,4.9,10.4,14.5,17.8,22.2,25,28.7,30.5,31.9,33.4,34.2,34.8,33.9,32.5,29.8,27.9,26,25.2,22.5,20.8,17.1,12.9,7.3,2.6,0.6,0.1,0,0,0,0,0,0,0
2021-10-13,0,0,0,0,0,0,0,0,0,0,0,0,0,0.1,1.6,6.4,11.5,15.6,19.2,22.1,25.5,28.6,30.7,30.9,30.9,31.2,30.2,30.3,29.1,28,26,25.4,24.1,22,19.6,16.7,11.7,6.3,2,0.5,0,0,0,0,0,0,0,0
2021-10-14,0,0,0,0,0,0,0,0,0,0,0,0,0,0.1,1.6,6.1,11.3,16,19,24,29.3,32.8,35.3,36.5,37.6,38.2,38.4,38.6,37.8,34.9,31.5,29.7,28.2,26.6,23.1,18.1,10.8,5,2.1,0.6,0.1,0,0,0,0,0,0,0
2021-10-15,0,0,0,0,0,0,0,0,0,0,0,0,0,0.1,1.6,5.3,10,15.8,19.6,22.4,26.6,30,33.3,34.5,35.3,35.5,35.2,35.9,35.8,35,34.2,30.8,28.3,26.1,22.5,18,11.5,5.4,2,0.4,0,0,0,0,0,0,0,0
2021-10-16,0,0,0,0,0,0,0,0,0,0,0,0,0,0.3,3.3,9,14.4,18.4,22.1,24.1,27.2,29.9,32,34.4,37,38.4,38.9,38.7,38.8,38.8,38.4,39.4,38.6,36.7,32.6,26.2,19.2,10.1,3.4,0.6,0.1,0,0,0,0,0,0,0
2021-10-17,0,0,0,0,0,0,0,0,0,0,0,0,0,0.4,5,15,24.5,32.3,38.1,42.1,45.2,47.5,48.2,49.7,50,51.1,51.2,51,50.6,49.9,49.6,48.2,45.2,40.8,35.2,27.7,20.4,11,3.5,0.7,0.1,0,0,0,0,0,0,0
2021-10-18,0,0,0,0,0,0,0,0,0,0,0,0,0,0.2,3.1,9.3,17,22.7,27.7,32.2,35.4,36.1,37.2,38.7,39.3,39.8,39.4,38.2,36.8,35.2,33,29.7,26,22.7,20,16.6,12,6.8,2.9,0.7,0.1,0,0,0,0,0,0,0
2021-10-19,0,0,0,0,0,0,0,0,0,0,0,0,0,0.3,4.1,11.9,18.8,24.9,30.7,35.1,38.9,41.9,43.8,44.7,46,46.2,46.8,46.7,46,44.6,42.2,38.2,34.3,31.1,26.5,22.2,16.9,10.2,3.7,0.8,0.1,0,0,0,0,0,0,0
2021-10-20,0,0,0,0,0,0,0,0,0,0,0,0,0,0.4,4.1,11.4,19,25,30.3,35.3,38.7,40.8,42.3,42.4,42.7,43.2,43.4,43.9,43.6,41.4,37.9,34.8,32.8,29.2,25.3,21.6,15.3,7.6,2.2,0.4,0,0,0,0,0,0,0,0
2021-10-21,0,0,0,0,0,0,0,0,0,0,0,0,0,0.5,3.2,8.6,15.6,21.5,24.9,29.1,31.6,34,37.1,38.5,39.8,41.1,41,40.8,39.6,38.5,37.4,35.7,32.7,28.7,24.1,18.9,13.1,8.4,3.3,0.8,0.1,0,0,0,0,0,0,0
2021-10-22,0,0,0,0,0,0,0,0,0,0,0,0,0,0.4,4,10.8,17.9,23.4,28.2,32,35.6,38.7,40.9,42,43.2,43.5,43.6,43.4,42.7,41.9,40.3,37.5,33.6,28.5,23.9,18.2,11.9,5.8,2.1,0.4,0,0,0,0,0,0,0,0
2021-10-23,0,0,0,0,0,0,0,0,0,0,0,0,0,0.3,2.9,8.8,15.5,22,25.9,31.2,34.6,37.5,39.7,41.2,43.3,44.6,44.5,44.8,43.7,41.6,39.3,36.5,33.6,28.8,24.5,19.5,15.3,9.4,4,1,0.1,0,0,0,0,0,0,0
2021-10-24,0,0,0,0,0,0,0,0,0,0,0,0,0,0.6,5.4,14.4,21.8,28.4,32.8,36.4,37.9,40.2,42.1,43.7,44.4,45.5,45.6,44.8,44.6,43.7,42.4,40.9,37.4,33.1,29,23.8,17.5,11.2,4.5,1,0.1,0,0,0,0,0,0,0
2021-10-25,0,0,0,0,0,0,0,0,0,0,0,0,0,0.5,4.1,11,18.2,23.7,28.4,32.7,36.7,39.8,41.8,42.9,42.9,42.3,41,40.3,39.8,39.1,38.2,37.7,35.6,32.4,28,22.9,17.2,10.9,4.6,1.1,0.1,0,0,0.1,0,0,0,0
2021-10-26,0,0,0,0,0,0,0,0,0,0,0,0,0,0.6,4.8,11.9,18.4,24.6,29.3,32.8,36.9,39.3,41.8,44.1,47,47.7,47.9,48,47.6,46.9,45.7,43.2,40.5,36.2,30.1,25.3,18.7,11.4,4.5,1.1,0.2,0,0,0,0,0,0,0
2021-10-27,0,0,0,0,0,0,0,0,0,0,0,0,0,0.8,5.7,13,20.3,26,31,35.2,38.1,40.4,42,42.6,43.6,43.3,44.3,45.1,45,44.3,42.8,40.6,36.7,33,27.5,20.8,14,7.9,3.2,0.9,0.2,0,0,0,0,0,0,0
2021-10-28,0,0,0,0,0,0,0,0,0,0,0,0,0,0.7,4,9.3,14.8,20.1,25.8,30,32.8,34.3,35.4,38.4,39.2,40.4,42,41.2,39.6,37.8,35.3,31.6,27.9,23,20.2,15.3,9.7,5.2,2.3,0.7,0.1,0,0,0,0,0,0,0
2021-10-29,0,0,0,0,0,0,0,0,0,0,0,0,0,0.4,3.8,8.7,13.8,16.7,19,21.1,23.2,28.1,31.2,32.5,34.9,35.3,35,34.6,34.8,34.5,33.6,30.7,28.1,25.8,22.7,20.5,16.1,10.2,4.5,1.4,0.3,0,0,0,0,0,0,0
2021-10-30,0,0,0,0,0,0,0,0,0,0,0,0,0,1.1,7.2,17.1,25.4,31.2,35.4,39.8,42.9,45.5,46.8,46.6,47.8,47.7,47.8,47.6,46.8,44.5,42.3,40.4,37.3,33.6,28.5,23.1,17.7,11.7,5,1.4,0.2,0,0,0,0,0,0,0
2021-10-31,0,0,0,0,0,0,0,0,0,0,0,0,0,1.4,7.8,17.9,26.8,32.8,38,41.6,44.3,46.4,48.2,48.8,49.3,49.9,50.2,50.7,50.6,49.8,48.9,47.6,45.6,41.6,36.3,29.5,21.3,12.1,4.7,1.3,0.3,0,0,0,0,0,0,0
2021-11-01,0,0,0,0,0,0,0,0,0,0,0,0,0,1,4.2,8,13.2,18.3,22.2,27.7,31.8,35.4,38.7,39.7,41.3,42.5,42.3,41.6,40.2,39.1,37.6,34.2,31.4,27.7,23.4,19.2,14.3,9.1,4.6,1.4,0.2,0,0,0,0,0,0,0
2021-11-02,0,0,0,0,0,0,0,0,0,0,0,0,0,0.9,4.8,10.4,15.1,19.7,24.8,28.7,33.4,35.6,37.3,39.1,39.8,40.6,40.8,40.9,39.7,38.6,36.9,34.6,32.5,29.4,24.7,19.1,12.7,7.3,2.8,0.7,0.1,0,0,0,0,0,0,0
2021-11-03,0,0,0,0,0,0,0,0,0,0,0,0,0,1.2,5.3,10.4,15.7,19.6,23.4,26.7,29.3,31,31.1,31.2,32.5,32.2,31.9,31.9,31.4,31.1,30.5,28.3,25.7,22.9,19.4,15.2,11,6.4,2.8,0.9,0.2,0,0,0,0,0,0,0
2021-11-04,0,0,0,0,0,0,0,0,0,0,0,0,0,0.7,3.9,9,14.1,18.1,21.3,24.5,27.4,30.5,32.5,34,35.8,37,37.7,38,37.3,37.3,36.1,34.9,33.1,29.1,24.9,20.1,14.8,9.3,4.6,1.5,0.3,0,0,0,0,0,0,0
2021-11-05,0,0,0,0,0,0,0,0,0,0,0,0,0,0.6,3.4,7.8,12.4,16.5,19.8,22.8,25.8,28.9,30.8,32.9,34.1,35.8,36.7,37,36.9,36.4,35.1,32.8,30.3,26.2,22.4,18.5,13.8,8.4,4,1.2,0.3,0,0,0,0,0,0,0
2021-11-06,0,0,0,0,0,0,0,0,0,0,0,0,0,1.3,5.7,11.7,17.6,22.8,27.4,32.1,35.8,39.1,41.2,43,43.6,42.1,40.7,38.7,37.4,37.2,36.3,33.4,30.3,26.7,22.3,17.7,12,6.9,2.9,0.9,0.2,0,0,0,0,0,0,0
2021-11-07,0,0,0,0,0,0,0,0,0,0,0,0,0,1.4,6.7,12.4,16.8,21.1,26.1,28.6,32.9,34.3,36.1,36.6,37.2,37.6,37.5,37,37.2,36.4,35.5,34.2,31.2,27.1,22.5,19.3,15.4,10.4,5.3,1.7,0.3,0,0,0,0,0,0,0
2021-11-08,0,0,0,0,0,0,0,0,0,0,0,0,0,0.9,4.4,9.9,14.9,18.9,23.8,26.4,29,31.2,34.3,37.5,38.1,39.3,40.7,42.1,42.8,41.1,38.4,36.3,34.8,32.7,29,23.7,19.1,12.8,6.5,2,0.3,0,0,0,0,0,0,0
2021-11-09,0,0,0,0,0,0,0,0,0,0,0,0,0.1,1.7,6.5,12.3,18.3,23.5,27,31.1,34.2,37.8,41.1,42.5,43.6,43.9,44.6,44.6,43.2,42.1,40.4,37.1,32.7,29.1,23.8,19.9,13.4,7.7,3.3,0.9,0.2,0,0,0,0,0,0,0
2021-11-10,0,0,0,0,0,0,0,0,0,0,0,0,0,0.7,2.9,5.3,8,11,13.9,16.4,19.8,22.8,25.1,28,28.6,28.4,29,29,29.1,28.4,28.1,27.3,25.8,23.6,20,17.5,13.3,9.2,4.7,1.7,0.3,0,0,0,0,0,0,0
2021-11-11,0,0,0,0,0,0,0,0,0,0,0,0,0.1,1.3,5.2,9.4,13.9,18.1,22,24,25.5,27,28.1,28.7,28.8,27.6,24.7,23.6,22.7,21.2,19.9,16.8,14,11.7,10.4,8.4,5.3,3.4,1.7,0.6,0.1,0,0,0,0,0,0,0
2021-11-12,0,0,0,0,0,0,0,0,0,0,0,0,0,0.4,2.1,4.3,7.4,10.2,13.8,15.9,18.3,21.3,23.8,24.7,26.8,27.3,27.4,27.6,26.7,25.7,24.7,23,20,16.5,14.4,11.7,7.9,4.8,2.6,1,0.3,0,0,0,0,0,0,0
2021-11-13,0,0,0,0,0,0,0,0,0,0,0,0,0.1,1.7,6.3,12.2,17.4,21.4,25.7,29.3,32.3,34.7,35.2,35.9,36.7,37.4,37.7,37.1,37.1,38.1,37.4,37.1,34.3,30.9,28,23.7,17.6,10.9,5.8,1.9,0.5,0,0,0,0,0,0,0
2021-11-14,0,0,0,0,0,0,0,0,0,0,0,0,0.2,3,9.7,18.5,24.2,28.6,32.5,34.3,35.6,37.1,38.1,38.3,39.1,39.7,40,39.8,39.5,39.9,38.6,37.4,34.9,33.7,31.3,25.4,19.5,12.5,6.4,2.2,0.5,0,0,0,0,0,0,0
2021-11-15,0,0,0,0,0,0,0,0,0,0,0,0,0.2,2.5,8.6,16.2,22.4,27.1,29.5,33.3,35.8,39.2,40.3,41.7,42.6,42.6,41.6,41.9,41.6,41.6,40.9,39.4,36.5,33.1,29.2,23.4,17.4,11.6,5.9,2.1,0.5,0,0,0,0,0,0,0
2021-11-16,0,0,0,0,0,0,0,0,0,0,0,0,0.2,2.5,8.7,16.4,22.4,26.8,30.5,33.4,36.3,38.7,40.2,40.9,41.5,42.7,44.1,45.4,44.5,43.4,42.6,40.5,38.1,35,31,26.1,20.1,13.4,6.5,2.3,0.5,0.1,0,0,0,0,0,0
2021-11-17,0,0,0,0,0,0,0,0,0,0,0,0,0.2,2.7,9.1,15.8,20.7,25.7,29.3,31.3,34.6,37.7,40.3,41,43.3,44.8,46.2,46.9,47,46.4,44.3,41.6,37,32.6,28.1,22.6,16.3,10.9,5.9,2.5,0.5,0,0,0,0,0,0,0
2021-11-18,0,0,0,0,0,0,0,0,0,0,0,0,0.2,2.6,8.6,15.9,20.5,25.7,30.1,32.6,34.2,36.8,37.3,35.2,36.8,37.9,37.3,36.7,36.3,35.7,35.1,32.5,29.4,26,22.7,18.1,13.6,8.3,4.2,1.5,0.4,0,0,0,0,0,0,0
2021-11-19,0,0,0,0,0,0,0,0,0,0,0,0,0.1,1.6,5.2,9.9,14.3,17.3,21.2,24.1,26.5,29.8,30.9,33.7,36.3,36.7,37.2,36.8,36,32.8,29.1,27,24.6,20.7,16.3,13.1,9.7,5.6,2.4,0.7,0.2,0,0,0,0,0,0,0
2021-11-20,0,0,0,0,0,0,0,0,0,0,0,0,0.1,1.5,5.4,10.2,14.6,18.8,21.6,23.4,27.8,30.8,32.7,34.4,36.3,37.6,39.1,38.1,36.8,35.7,33.6,31.9,30.3,27.5,23.9,19.9,15.6,9.8,4.8,2.2,0.8,0.1,0,0,0,0,0,0
2021-11-21,0,0,0,0,0,0,0,0,0,0,0,0,0.1,1.7,7.4,12,15.6,18.5,20.8,23.6,28.5,31.6,31.5,32.2,33.6,34.4,33.7,33.3,33,34,32.9,33.4,32.8,28.9,24.5,21.6,17.8,12.9,7.1,2.9,0.7,0.1,0,0,0,0,0,0
2021-11-22,0,0,0,0,0,0,0,0,0,0,0,0,0.1,1.9,7.1,12.8,17.1,20.9,25.4,29.6,32,34,37.2,39.4,40.5,42.2,43.4,44.4,44.5,43.5,42.3,39.9,36.8,33.1,29.2,25.2,18.8,12.7,6.7,2.6,0.6,0.1,0,0,0,0,0,0
2021-11-23,0,0,0,0,0,0,0,0,0,0,0,0,0.2,2.4,7.1,12.5,17.3,20.6,23.3,25.1,28.8,30.4,32.1,34.2,35.7,36.9,36.2,34.8,35,33.5,31.9,28.7,26.4,22.9,18.9,14.5,10.6,6.3,3.2,1.2,0.3,0,0,0,0,0,0,0
2021-11-24,0,0,0,0,0,0,0,0,0,0,0,0,0.1,1.2,4.3,7.7,12,16.3,19.6,23.7,27.5,29.7,31.5,32.5,33.7,35.4,35.7,35.3,35.5,34,33.1,30.3,27.4,23.2,19.4,14.7,10.6,7,3.5,1.7,0.6,0.1,0,0,0,0,0,0
2021-11-25,0,0,0,0,0,0,0,0,0,0,0,0,0.1,0.9,2.7,5,7.8,10,11.6,14.3,17.4,19.9,21.2,23.2,24.2,23.6,24,23.7,22.5,21.5,20.2,18.9,17.3,15.1,13.4,11.7,9.2,6.5,4,2,0.7,0.1,0,0,0,0,0,0
2021-11-26,0,0,0,0,0,0,0,0,0,0,0,0,0,0.7,2.8,5.8,9.2,12.9,16.1,18.4,22.3,23.7,24.7,27.6,30.2,30.8,31.1,31.7,31.7,30.4,29.5,27.9,25.6,21.9,18.5,16.2,13.1,9.2,5.9,2.8,1,0.2,0,0,0,0,0,0
2021-11-27,0,0,0,0,0,0,0,0,0,0,0,0,0.1,1.3,4.9,9.3,13.3,17.6,21.7,26.3,30,32.6,33.7,34.8,36.3,37.2,37.2,36.7,36,35.7,34.4,33,31.1,28.8,25.6,21.6,17.6,12.3,7.4,3.4,1,0.2,0,0,0,0,0,0
2021-11-28,0,0,0,0,0,0,0,0,0,0,0,0,0.1,1.8,5.8,11.2,15.4,21,27.3,31.3,34.5,37.5,39.4,41,42.6,42.7,43.5,43,41.4,39.5,38.3,36,33.3,30.3,27.5,23,17.8,13,8,3.6,1,0.2,0,0,0,0,0,0
2021-11-29,0,0,0,0,0,0,0,0,0,0,0,0,0.2,1.8,5.8,10.7,15.4,20.3,24.8,29,33,35.8,37.4,38.1,38.3,39.3,39.8,39.2,37.8,35.8,34.8,32.1,28.9,25.7,22.3,18.9,15.5,11.4,7.1,3.4,1,0.2,0,0,0,0,0,0
2021-11-30,0,0,0,0,0,0,0,0,0,0,0,0,0.1,1.7,5.5,9.9,14.3,19.2,24,27.4,29.9,31.8,33.3,33.9,35.2,34.7,33.7,32.4,30.6,30.2,29,26.9,23.8,22.3,20.5,17.8,14.8,11.6,7,3.2,0.9,0.2,0,0,0,0,0,0
2021-12-01,0,0,0,0,0,0,0,0,0,0,0,0,0.1,1.7,6.1,11.7,16.9,21.1,25.5,28.7,31.9,33.8,34.9,35.4,36.7,36.4,36.2,34.6,34.6,33.5,32.8,31.2,29.2,27.3,24.7,20.9,16.3,11.5,6.6,2.9,1,0.2,0,0,0,0,0,0
2021-12-02,0,0,0,0,0,0,0,0,0,0,0,0,0.2,3,9.2,16.7,22.9,27.7,32,36.1,38.3,39.8,40.7,41.5,42.2,42.4,42.7,41.9,40.9,39.3,37.5,35.4,32.1,28.7,25.1,21.8,17.6,12.4,7.3,3.2,1,0.2,0,0,0,0,0,0
2021-12-03,0,0,0,0,0,0,0,0,0,0,0,0,0.3,3.3,10,17.2,23.5,29.8,34.8,38,40.1,42.1,42.8,43.3,44.6,44.9,45.1,44.9,44.4,42.9,39.4,36.1,34.7,32,28.9,25.1,20,13.9,8.5,3.9,1.2,0.2,0,0,0,0,0,0
2021-12-04,0,0,0,0,0,0,0,0,0,0,0,0,0.3,3.6,11,19.4,25.9,30.7,34.6,37.5,39.4,41.9,43.9,45,45.7,45.7,46.1,46.3,46.3,45.8,44.8,42.1,40.1,36.6,32.4,28.4,24.2,17.9,10.6,4.6,1.3,0.2,0,0,0,0,0,0
2021-12-05,0,0,0,0,0,0,0,0,0,0,0,0,0.3,3.8,11.4,19.3,25.8,29.5,32.7,36,38.9,41.2,42.3,43.3,44.3,45.1,45.1,44.7,44.2,43.7,42.2,42.2,40.5,37.2,33.2,27.9,22.1,16,9.6,4.1,1.3,0.3,0,0,0,0,0,0
2021-12-06,0,0,0,0,0,0,0,0,0,0,0,0,0.2,2.3,6.9,12.2,18.8,23.5,27.5,32.1,35.8,38.1,39.3,40.5,41.1,41.2,42,41.3,38.9,35.6,33.5,31.7,29.1,27.5,26,22.2,18.8,13.7,8.8,4.4,1.5,0.3,0,0,0,0,0,0
2021-12-07,0,0,0,0,0,0,0,0,0,0,0,0,0.2,2.7,8.6,14.9,19.4,22.4,26.3,27.7,30.2,33.4,35.4,37.5,39.3,39.3,39,39.1,37.6,35.1,32.6,28.9,27.9,26.8,24.3,21.6,17.9,14.5,9.8,4.8,1.5,0.3,0,0,0,0,0,0
2021-12-08,0,0,0,0,0,0,0,0,0,0,0,0,0.2,2.3,7.5,13.7,19.3,23.1,26.6,29.7,31.8,34,36.1,37.8,38.5,38.3,38.7,38,36.7,35,33,30.9,28.1,25,23.7,21,17.6,13.4,8.9,4.5,1.5,0.3,0,0,0,0,0,0
2021-12-09,0,0,0,0,0,0,0,0,0,0,0,0,0.1,2.2,7,13,18.7,24.5,28,29.5,31.3,33.9,35.6,37.7,38.5,39.6,39.5,39.1,37.6,36,33.9,32.1,29,26.3,23.8,21.6,15.9,11.6,7.7,3.7,1.4,0.3,0,0,0,0,0,0
2021-12-10,0,0,0,0,0,0,0,0,0,0,0,0,0.2,2.5,9.4,16.6,23.7,28.3,33,36.4,37.9,39.5,39.8,39.1,39.2,39.6,40,40.8,41.4,40.5,40.3,39.5,36.6,33.3,30,26,22.2,16.5,11,5.6,1.7,0.4,0,0,0,0,0,0
2021-12-11,0,0,0,0,0,0,0,0,0,0,0,0,0.3,3.9,12,20.7,28.4,34.5,38.8,42.4,45.3,46.8,48.5,49.8,50,50.5,51,50.3,49.2,48.4,47.4,44.5,42.5,39.5,36.4,31.6,26.6,20.8,13.7,6.7,2,0.4,0,0,0,0,0,0
2021-12-12,0,0,0,0,0,0,0,0,0,0,0,0,0.3,4.1,13,22.9,30.8,36,40.2,44,47.6,50.6,52.2,52.3,52.4,52.2,52.5,51.3,51,50.5,49.3,47.6,46.1,42.7,38,33.2,26.1,19.5,12.6,5.7,1.6,0.3,0,0,0,0,0,0
2021-12-13,0,0,0,0,0,0,0,0,0,0,0,0,0.3,3.5,10.8,18.5,25.1,30.4,34.2,38.2,40.4,41.4,42.2,43.1,43.3,43.2,42.4,41.6,40.2,37.9,36.5,36.4,34.6,30.4,26.3,21.9,17.7,12.8,7.6,3.3,1,0.3,0,0,0,0,0,0
2021-12-14,0,0,0,0,0,0,0,0,0,0,0,0,0.2,2.5,8.7,16.3,23.5,29.7,34.6,38.6,41.8,45,46.9,48.5,49.7,50.1,50,50.2,49.4,47.4,45.9,44.1,41.7,38,33.1,29.4,24.3,17.7,11,5.1,1.8,0.4,0,0,0,0,0,0
2021-12-15,0,0,0,0,0,0,0,0,0,0,0,0,0.3,2.6,7.9,14.3,20.3,25.3,29.1,31.8,35,36.9,38,39.1,39.8,39.4,39.4,39.3,38.6,37.8,37,35,32.5,29.5,26.7,22.9,19.6,14.4,9.2,4.9,1.7,0.4,0,0,0,0,0,0
2021-12-16,0,0,0,0,0,0,0,0,0,0,0,0,0.2,2.7,8.7,16.5,23.4,28.1,32.7,36.7,40,43.6,45.7,46.4,46.8,46.5,46.2,46.3,46.5,45.7,44,41.6,37.9,35,33,28.8,24.5,19.1,12.6,6.3,1.9,0.4,0,0,0,0,0,0
2021-12-17,0,0,0,0,0,0,0,0,0,0,0,0,0.2,3.1,9.7,17,23.1,28.4,32.6,36.8,40.3,42.1,43.4,43.8,44.1,44.7,45.2,44.8,44.1,43.1,41.4,38.9,36,32.1,28.7,24.8,20.2,14.6,8.5,3.7,1.4,0.3,0,0,0,0,0,0
2021-12-18,0,0,0,0,0,0,0,0,0,0,0,0,0.2,2.4,8.7,14.7,20.5,26.3,31.1,34.8,37.4,39,41.7,42.9,44.3,45.4,45,45.1,44.4,42.4,40.5,37.8,35.5,33,28.8,25.7,21.5,15.9,9.7,5.2,1.8,0.4,0,0,0,0,0,0
2021-12-19,0,0,0,0,0,0,0,0,0,0,0,0,0.1,1.7,5.7,11.2,17.3,22.8,26.5,27,28.9,30.4,31.7,31.8,32.5,32.9,32.6,33.1,33.8,34,31.4,31.1,29.9,28.6,25.7,23.2,20,15.7,10.5,5.6,2.2,0.5,0.1,0,0,0,0,0
2021-12-20,0,0,0,0,0,0,0,0,0,0,0,0,0.2,2.5,8.8,16.6,23.9,29.3,32.9,36,38.5,41,42.7,44.3,45.3,45.2,45.3,44.8,43.9,42.5,40.6,38.9,37,33.9,30.4,26.3,22.5,17.6,12.1,6.3,2.1,0.4,0.1,0,0,0,0,0
2021-12-21,0,0,0,0,0,0,0,0,0,0,0,0,0.2,2.8,9.3,17.1,24.3,29,32.8,36.9,40.1,42.1,44.2,45.7,46.3,46.1,46.1,45.5,44.3,43.6,42.6,41,37.8,35.5,32.4,28.5,24,18.4,12.2,6.1,2,0.4,0,0,0,0,0,0
2021-12-22,0,0,0,0,0,0,0,0,0,0,0,0,0.1,2.2,8,15.6,21.7,26.9,30.7,34,37.1,40,42.5,44.5,45.6,46,45.8,45.3,44.8,44.2,42.4,40.1,37.4,34.1,30.5,26.5,21.3,16.3,10.9,5.4,2.2,0.5,0,0,0,0,0,0
2021-12-23,0,0,0,0,0,0,0,0,0,0,0,0,0.1,2,7.7,15.6,22.3,27,30.4,33.1,35.8,38.2,40.1,42.6,44.5,45.2,45.4,45.2,44.9,43.6,40.7,38,35.1,33.9,31.4,28.4,24.1,19.4,13.7,6.9,2.4,0.5,0.1,0,0,0,0,0
2021-12-24,0,0,0,0,0,0,0,0,0,0,0,0,0.1,2.6,8.5,16.3,24.1,28.8,33.7,37.3,39.9,42.2,44.4,45.5,46.3,46.7,47.2,46.5,44.9,43.4,41.4,39.2,36.7,34.2,31.2,27.5,23.3,18.9,12.4,6.4,2.1,0.5,0.1,0,0,0,0,0
2021-12-25,0,0,0,0,0,0,0,0,0,0,0,0,0.1,2.2,7.2,14.2,21.3,27.3,32.4,36.2,38.5,41.3,43.5,45.6,46.3,47.1,47.6,46.9,45.3,43.6,40.4,38.6,35.6,31.7,28.7,25.2,20.4,16.1,11.9,6.8,2.4,0.5,0.1,0,0,0,0,0
2021-12-26,0,0,0,0,0,0,0,0,0,0,0,0,0.2,2.6,8.6,15.7,21.5,25.7,29.8,33.3,35.3,38,40,41.8,43,43.7,43.5,42.7,41.3,39.5,37.7,35.9,33.2,29.9,27.4,23.8,20.3,16.8,11.8,6.9,2.6,0.5,0.1,0,0,0,0,0
2021-12-27,0,0,0,0,0,0,0,0,0,0,0,0,0.1,2.2,8.6,16,21.4,25,28.7,32,34.9,37.4,40.2,41.3,42.1,42.4,42.4,41,40.6,40.5,38.9,37.8,35.1,31.9,28.7,25.7,22.6,18.1,11.9,7.2,2.7,0.6,0.1,0,0,0,0,0
2021-12-28,0,0,0,0,0,0,0,0,0,0,0,0,0.1,1.6,7.6,15.3,21.2,26.4,31.3,34.7,37,39.7,42,43.3,44.6,45.2,45.8,45.9,45.4,44.7,43.4,43,41.5,38.6,34.3,30.2,26.5,21.3,15.4,8.3,2.9,0.7,0.1,0,0,0,0,0
2021-12-29,0,0,0,0,0,0,0,0,0,0,0,0,0.1,2.4,9.1,17.7,24,29.6,33.8,37.8,40.6,43.5,45.3,45.8,46.9,48,47.8,47.4,47,46.4,44.4,41.9,40.1,38.2,34.4,30,25.2,20.2,14.3,7.9,2.7,0.6,0.1,0,0,0,0,0
2021-12-30,0,0,0,0,0,0,0,0,0,0,0,0,0.1,2.2,8.7,17.2,24.3,30.4,35.2,39.4,43.3,45.3,46.8,48.4,49.1,48.8,48.3,47.4,47.5,46.6,44.6,41.9,40,36.8,32.2,27.6,23.8,19,13.3,7.1,2.5,0.6,0.1,0,0,0,0,0
2021-12-31,0,0,0,0,0,0,0,0,0,0,0,0,0.1,2.1,8.9,17.7,25.7,31,35.3,38.7,40.8,41.8,43.6,45,45,44.6,44.4,43.6,42.2,41.4,40.1,38.1,35.3,33.2,30,26.4,22.5,18.1,12.5,6.6,2.3,0.5,0.1,0,0,0,0,0